content_id,subject,sentiment_value,sentiment_word
XuPwKCnA2fqNh5vm,价格,0,
2jNbDn85goX3IuPE,价格,0,
hLgEADQ8sUnvGFK9,价格,0,
nZmM7LQsfr03wUaz,价格,0,
pwd8MnrthDqLZafe,价格,0,
cudSKGTyMLbIt8k3,价格,0,
U5RMQtopwFzDVxHm,价格,0,
Kh0ayJjuTrzwPAs1,价格,0,
YZovRtEAyQJgTi1I,价格,0,
BeSIAUzoTWH9muYl,价格,0,
SXYTBWg6FxuboMnd,价格,0,
RDgTmzW9xBfY6pGv,价格,0,
8cMwzsxkL4XtuDG1,价格,0,
MOUrvjDsIJpbw6dQ,价格,0,
t01PVoDSd9Lsy5HN,价格,0,
icMQmPJA9Sv0KGTw,价格,0,
VQkjM1657sIroCf3,价格,0,
1rGSYnOx9Fb2ULQX,价格,0,
SgNFp8ixQX1HA64y,价格,0,
sO6Ac1mThYBKyl4M,价格,0,
qIUiOxGdb0M4PQky,价格,0,
6GMYQa0Ag4o9nsZ2,价格,0,
6Ewe2kxO5msAg0yU,价格,0,
PMeBcRxizIaNmAC7,价格,0,
9x4gvon6TfN0KtqY,价格,0,
Er3x8Ks6mpQqeZO0,价格,0,
f5UhrHg6Zztl7VWj,价格,0,
fYtbApDWqzGmKX8F,价格,0,
YUWFxTOoZCkNzKcu,价格,0,
hNVSLDr06cMsgwfI,价格,0,
aV6A5z8pJRkKIC9r,价格,0,
E9SZbnzR2XW0QiLs,价格,0,
DXhAOZEsTBVWaSRH,价格,0,
6p8glZ2iewsInqK4,价格,0,
AWsymeHLSU1f38tT,价格,0,
l94kJgMBpYoODyzQ,价格,0,
bVeAzdpgX7tFDlPI,价格,0,
lQ0N8fd4On7TzcsD,价格,0,
jhmIcH6LTxkGVE19,价格,0,
68jBJULyWclT9Pir,价格,0,
7prF9LJoixSgPQvM,价格,0,
Q4lp0HBNfTD2xYAv,价格,0,
M3Hqx1Un8ygzFTtl,价格,0,
cIevXAM5FRp14Nni,价格,0,
8jCcfemUlPaQFx67,价格,0,
ZqEa9wGAXNCDRoph,价格,0,
SHbyJ2RM9oi4ZtdD,价格,0,
vNgGz3Kfj1qCe92E,价格,0,
9eqiWkfr8HNR0xPo,价格,0,
sAtwDdFoc06XgaW9,价格,0,
23EJ8RwY9PcotslQ,价格,0,
oKdBRimU38Gjc9PJ,价格,0,
zsADXh4cYeUjEKSP,价格,0,
Q2LaKeht0Vvo1Rn6,价格,0,
hszDKcUSek9dyP5o,价格,0,
Mb7fevclI1UmTzo3,价格,0,
rgv1ykaC29JoQlcu,价格,0,
EKI7PjFs81Lc52uS,价格,0,
5b2XhIBYPOCfMzcu,价格,0,
n2Fm18vbEDIa53ys,价格,0,
Mq4oVg68SWFBz9i5,价格,0,
7hHUfbrVKp1aAFmN,价格,0,
qvD82LNTpMdsAXIe,价格,0,
sKPpYiV2bXWEjTLc,价格,0,
KaM0rQpCE7yLYgH2,价格,0,
g1qaKmR09LUXcp8B,价格,0,
OKVCfRJ8X9BwxaTv,价格,0,
tcPLeKdDrkYG1394,价格,0,
siYq5vrJBQzkuZPy,价格,0,
aLs9AwhZ85vgiRbx,价格,0,
UneE7iqV6mW5HlgP,价格,0,
8P6E32xNmKAebnOs,价格,0,
j2vcEXIrmkH9qs1J,价格,0,
CshiU6A13rR9dbPS,价格,0,
6JZHOqne2YW01FVz,价格,0,
kFo7T8n6wXICfc3d,价格,0,
4nAlYpJof87Nj1F3,价格,0,
v6iprjTLdctoJW3b,价格,0,
RF9YTAlbQU5CagdN,价格,0,
DYhuU8SPpywX2eN9,价格,0,
Aml1h4xUJt5u6bQ9,价格,0,
hcWAJdmC9avz7MU1,价格,0,
9Jt0O5d3s6wz1lkf,价格,0,
ZgEVkuFc0QNqpsYG,价格,0,
QRw7ngTJ2A5CYBGW,价格,0,
06vPIQBqVNe2dl3f,价格,0,
p0FUwsNPYQKl1HSg,价格,0,
BDoeHPlCiNVXEvrg,价格,0,
ARIng69ZHsY7DCN1,价格,0,
zPg9hyoViI8JUYw6,价格,0,
cBMxouh5FEnz36DI,价格,0,
Q6aR7udCFz4U5jrI,价格,0,
y3Oa1dcwCjlBsRPM,价格,0,
6ALsOa4BdUbFfGr7,价格,0,
e04NZMmVT1qLJXIu,价格,0,
9Lkxm8NewpuUVG2T,价格,0,
SEFvD0TOQgnlJsWK,价格,0,
S1WzLCPqeIT8sMmZ,价格,0,
MSn1hW8XCsGTkpxY,价格,0,
AC9siSxTEzyKrlaZ,价格,0,
5rBkYEyl1IU0TVhC,价格,0,
WZmFIHJLqT3O1BVk,价格,0,
x6mbO2rHfU3hTej4,价格,0,
8Hdtp2WE6nMf93YP,价格,0,
ELck8IARbwdpgvri,价格,0,
HfSMToNXhrwY3mlk,价格,0,
rM6sP4AXpCfNc7xR,价格,0,
14dQnL9lxMYeksH3,价格,0,
vdWmiISbRku1Cl3J,价格,0,
41UzNi5pMPDG7nhf,价格,0,
NAC6vpWtqaTQYXD8,价格,0,
HAVTYESJNfjlZ9iM,价格,0,
42VhMRSsCcn85kEd,价格,0,
Wf9T283SZphL6tQ4,价格,0,
D2HpBfqwoecTkhdS,价格,0,
NT3qf2R5XrGonlgk,价格,0,
dm1W2BIEyJ0Gsxp8,价格,0,
Mglj9pKWkY7Isixm,价格,0,
otT6DmhdEpx5Q74R,价格,0,
SclmZXYIUoBv478b,价格,0,
BZ4Ig9Gr7zQPM6Xt,价格,0,
FLxPweOVGBTmnoQE,价格,0,
H903fh4mU1dtQTiZ,价格,0,
g27EQ5F4bMjSp9qc,价格,0,
o9iwO8ChDBUTJ7YI,价格,0,
tka3Nq9TAR5BH7Ij,价格,0,
lswKvJMLT50iudoG,价格,0,
QG07en46S5qxWUud,价格,0,
u3gf4yJX5SNGmhIs,价格,0,
9firBmw7PNz0XQyE,价格,0,
bJ5L9HBuvqgPm3O2,价格,0,
HkGilbeypwMczdoQ,价格,0,
5jHabez9oxP4CY8O,价格,0,
eAfZWrs5b3UJP7Bl,价格,0,
ocOHDW3kGit6jpBm,价格,0,
xDOnv0fUogsFlkuC,价格,0,
gTd84yZ6R0VLaYSF,价格,0,
gsiR7FHy5YndmTXK,价格,0,
nhAC4mEYRazX9dJL,价格,0,
Mj9ZO61VWTefml7z,价格,0,
cdV1254iqHpAawt7,价格,0,
dRtVLIX4F60YvMbG,价格,0,
Na2ezFRWDrCGY571,价格,0,
s3U4wYnirNfeQ7o0,价格,0,
ZvSrjpV3oYxARtOq,价格,0,
j5dIzG0CvbFxlQgf,价格,0,
WXLA1peMJxl2RTQg,价格,0,
1YyTakcRLKS43CWs,价格,0,
N9CZ1kQdnrxPaqRs,价格,0,
zXPLFe5Sqvc06RuG,价格,0,
qpPHjUw7IMJNFSub,价格,0,
JlWDb4BCsTiN2Ie3,价格,0,
VocwTNU3JkR50mvI,价格,0,
O7j9h8MaymUvVAtT,价格,0,
wogvV9fYFN2uHxMa,价格,0,
S7uwyZiTsRWX6Nzh,价格,0,
CF781DrEqjJh5eHX,价格,0,
5TCU9c6I3esSFVx7,价格,0,
rsPHOp7WeK2uYgb6,价格,0,
N0MLJFXRIE3wVl9d,价格,0,
1WCAISQtuEdTZ7G5,价格,0,
KH853hdTJX2nWM71,价格,0,
a52KoCrScpnW8xlR,价格,0,
ikqn9SVU1dDFeYpb,价格,0,
EreqkWG8o357Htdh,价格,0,
UWDsRXma9t6FpxKo,价格,0,
oK8vTpZzAag7iCur,价格,0,
QqmEuP4l6sMTXASx,价格,0,
AdTjwHJso1K6Xcpa,价格,0,
qtW1wiyejr4zF3Hu,价格,0,
m6XbwZQn9D8hqOf3,价格,0,
gaoKxMwZOX7TQSbY,价格,0,
4PUWD5HkGZFdcYr6,价格,0,
j5dpvDJ80YWPSew3,价格,0,
4SDY29tXIivB6VLZ,价格,0,
x4fpOqR6sUiClheE,价格,0,
H6CfVzu4mLq0JkR7,价格,0,
jMWAIfyUN3sqTovd,价格,0,
tDN57PGxglB8WOdH,价格,0,
ZbGpiu1Q9vEkHaVJ,价格,0,
q8mnYHr6vAKoTOx9,价格,0,
W8dF6ujP3KemG7ac,价格,0,
vF1hy5Ple8XGEOVb,价格,0,
97fvXxIlWCbBYULt,价格,0,
guCoQmIawZqz374R,价格,0,
akAurTlP2oUxnzyv,价格,0,
8oeBjF7TwlPyLvcY,价格,0,
JDwFsuZQMy5mVRzp,价格,0,
TMYuydGFgJOWSsLx,价格,0,
yQhSYbRB7gu3Pma6,价格,0,
xQbOMh3lHYJNAWsv,价格,0,
bX2DFsLOUIMxQzCB,价格,0,
sdAoJBha65SUxfWM,价格,0,
dm6eXoIg9Df0nFaV,价格,0,
qopu4EsiAz9KU7MC,价格,0,
VuQntJTzsOL1ao0W,价格,0,
3GtNOfDcna4Mzk5i,价格,0,
T40PlF3fkStJdIx9,价格,0,
3s9NFKhCQk70Ti2E,价格,0,
aKoINhXEle3QS6zy,价格,0,
RjTnb0AcmBiaP2ky,价格,0,
p8SCmcxyB1aeOTYG,价格,0,
uPCDeFYmpcfRz1tQ,价格,0,
lkJziVEyecn7d5gh,价格,0,
xXQtrRW7UOwPCbEi,价格,0,
Dj6R3K2iLuEtUnWG,价格,0,
SOY2TGwFQi8Etknh,价格,0,
6x4Is30vB1laSHoN,价格,0,
ZAx5w2LSbkGdRMFQ,价格,0,
Z1kNWAOM9rYol0Ve,价格,0,
V3xslWKOyv9ILquX,价格,0,
7duqegOxLs2Vo8XW,价格,0,
Krp3Gzk2aNhHJ6R7,价格,0,
gnpKm9FPl4Y3OL8h,价格,0,
axPES1MA7I8BlcvO,价格,0,
qrM0TVRhAm18Q6uO,价格,0,
PXdW23e95gLOhBaf,价格,0,
TBy1z62utW8GcvIs,价格,0,
HWDQF5VOam2NR6rX,价格,0,
heEaPY3Z1upcSxyt,价格,0,
BgJk730pyovPubIr,价格,0,
sJlZXtVAdKeq0gha,价格,0,
bHtilDz4Yf8v7TmS,价格,0,
tpl0FmwfHdM13qZK,价格,0,
6oPvUG1VLyzSKxOM,价格,0,
YUG1zybnqjSDmZkJ,价格,0,
USrqtIMjsYzeRi4W,价格,0,
fwr9qOUYsxJK0ACm,价格,0,
Ht7R0SnZMEV1eD6Q,价格,0,
5uj6bGWhXVE2aceA,价格,0,
XfUjb9C4gzecudla,价格,0,
xsReYtP7VfJjdhSF,价格,0,
tHWyUYRxdGbqf753,价格,0,
6kCpDM1SoTf0jJPE,价格,0,
goKCk8Rb1pX9WMHm,价格,0,
8ijAZKYdwx5BXeEz,价格,0,
e3okWLYKjs9G72AC,价格,0,
jITzq8OdwA31Htxk,价格,0,
t6UAah74Glob2D0V,价格,0,
CmpW4Xv207JquMt1,价格,0,
4wZWbHCFdfML9KuG,价格,0,
WovLRxkSqwECfc8X,价格,0,
oX1pJ3yMtIaOcNWA,价格,0,
s3itxIAdrfum9pcW,价格,0,
pZwnM9mjutIRUkXs,价格,0,
92br5tQejaEywGWP,价格,0,
j32vz0EsGwWqnPyX,价格,0,
auH2N6r5nbFAiIpd,价格,0,
ZwRt05lCQKhTJvP1,价格,0,
h1EMXCOJgZmAU6Pz,价格,0,
9f1boRZ3OC74gtX0,价格,0,
fqWAnpjt7x4uRYCX,价格,0,
SpPEa8nQWH6hlFNu,价格,0,
f62Gp0gW98REZAuw,价格,0,
GNa1PiTpkvQS7Brl,价格,0,
PQ4aUyTilNXxORcY,价格,0,
yNG3vwVFWsjkRIMg,价格,0,
L2XqxsdSn46Iluap,价格,0,
5JBfIwshEo6tUk7K,价格,0,
CmIWFZpKzrEfqDVw,价格,0,
ZAPEkuB72jnC45lO,价格,0,
7RN83mKkVYUHsT5l,价格,0,
1NiFvMeJH0mGW3DL,价格,0,
54tGhC6PrfmegIA1,价格,0,
QAIbFNTvKfR5WiyD,价格,0,
74gkpaVmG8F5UCoy,价格,0,
yYV0rn5D2fNUwmIx,价格,0,
NqFnG0WxBMp51tea,价格,0,
JSysamBMxUlE3w4d,价格,0,
XyZf0bjvpHk8OM9i,价格,0,
k41e9Px3UihCG0mp,价格,0,
SCZnbgBQITP40LoU,价格,0,
SMJC8lbAtwDmHQr9,价格,0,
ig1CYQufD2BrU3WO,价格,0,
qLpTto5K4MyNFBaZ,价格,0,
HkaSb1yPMxmniAOl,价格,0,
m6Y1uZiXQ0Stj9RH,价格,0,
EmMhBLe53vG2rsxn,价格,0,
C2izVwpOYvM9JjDt,价格,0,
Mb7Zz60NWyakEcQ4,价格,0,
HEORumQAIFNMzDd5,价格,0,
gpHn7KrjRx4Di3LG,价格,0,
7RWHqS9pfuaFsxM3,价格,0,
pgUqmf15zBdHi4Et,价格,0,
CkpXzGLZSt6YiRJ3,价格,0,
c24Lb3hwHmUN6xFu,价格,0,
PAZY0lb9LHWEVGfJ,价格,0,
hVKzEGBZYareFNQx,价格,0,
xipCKcrkQZHUS2W5,价格,0,
on3Flj4VIavWHbCX,价格,0,
pXEC2P7BzGYmUxiy,价格,0,
EWYyMFKH31x5GleP,价格,0,
uk17vcMZBn62Nhie,价格,0,
NQZHaLmIEezTJ4RM,价格,0,
co5nyPfVM90BZkDA,价格,0,
u9cyYrfEjDaT84UH,价格,0,
gJBbLW7NHT8iOnpx,价格,0,
jZRuDrH5O2XG16Ac,价格,0,
flA3kPNCHaVpheZo,价格,0,
Ktq3p75AxoNGWCwn,价格,0,
GsF02l9KgVvqJhn6,价格,0,
otQSEuPxej9lZnRI,价格,0,
nO5xei9AWYfENbR4,价格,0,
CLvyj8XoId23B9nH,价格,0,
tPHVDaFl6JZX3QOT,价格,0,
l4GZ17PmtNV925Ti,价格,0,
6GjoJk7wyDZVFQ3C,价格,0,
bnJs8fFTetghcwOu,价格,0,
oxfEewZ2OpLTQHCk,价格,0,
rMGqhFUk2caWpL07,价格,0,
4aUn8IJ1to3uCeT6,价格,0,
khucIwyDv2Jir5LF,价格,0,
3jSw0GWRJQ9BXoyt,价格,0,
9MZEmklAn4bBRHwc,价格,0,
A3fB0LW9sSgyZx8e,价格,0,
5vHgNbhRuU7IEK0W,价格,0,
0gTQCnKUoP9zv5mS,价格,0,
YdwaSTE8ltUiZHDM,价格,0,
ov2mM3EU7uH9A65Q,价格,0,
HwhtEmxKsTj1aCIP,价格,0,
h6TQ97vDpJG3kHoS,价格,0,
cVlv8HZPjB6m4y75,价格,0,
4WOkTuMarEPw5fo7,价格,0,
XcTm3FlvduPys08h,价格,0,
kjXVLom64WiMuQwK,价格,0,
e2ATqS3JlL7ob1zy,价格,0,
SodBsCOQX81g9npP,价格,0,
BcEzqdb6HlyGae17,价格,0,
nPKxqrigWs2zo3AB,价格,0,
oPmtKcq25v7i1WBL,价格,0,
BtKIWmdH0Zlk6jNX,价格,0,
DWCAvrcNBPwxZFpI,价格,0,
BxtTSEmRsLWMFvI5,价格,0,
cWPZhVkyJmlqIxpK,价格,0,
7CHjv8VgkXozbhEa,价格,0,
x3cetT4bV1iw5EDR,价格,0,
Evg7IudDBGn42btA,价格,0,
iqfN9xbm4kestrQn,价格,0,
oWMCgrBjRVFU0mKN,价格,0,
gC1Viv9aXJSpjnRU,价格,0,
esnKxNyH6YRCvplI,价格,0,
XJRznHOEuCaLZ3Vy,价格,0,
NvQXnEqaGgiZcRzh,价格,0,
RP7kyNVaSbjedXzn,价格,0,
2P7XFg6CqrktpmTo,价格,0,
RBY2ermiwKvUZu3J,价格,0,
bxH8MZCi09LpoRNQ,价格,0,
dbY6SqBE9UiItGka,价格,0,
GSkEx7rjYUKCvPB0,价格,0,
2mpYHKbezMT4aRD1,价格,0,
zQ9gsJmFyPX64YMA,价格,0,
9dEcZPq2Vb0rfupR,价格,0,
kP3rhzZJTtsldbUR,价格,0,
aR76ShpmzdBZiFt9,价格,0,
gEiv0n4qTj1MPUuF,价格,0,
5lFRLkuUODQ6wJES,价格,0,
JgOyYlvReIxEoCGU,价格,0,
vZJH7btSIYN6jkXC,价格,0,
FjfwQc9OmzDuVA0p,价格,0,
NvnHL1P70qZxFfbr,价格,0,
PIa7mWRdnD4Y1SAt,价格,0,
JUISr7g514Y8VEoj,价格,0,
yC3afKYxGScuBvmE,价格,0,
23dl14boAyWkLuOr,价格,0,
wutzFdCyRmBVZUPf,价格,0,
nEV4Xq8QmFIWDsSf,价格,0,
XdaQmi2cAYqHENIx,价格,0,
sa0dj6BixK8QJOpb,价格,0,
plOukMgewSH5dDXU,价格,0,
C3XZHxoPsjNYBdun,价格,0,
zDwITtMRVu10sqey,价格,0,
wpEQ0ZFLoJtVBiN5,价格,0,
tNGBT56AL3kcJy1g,价格,0,
HmYrcn0IFNevJ7kK,价格,0,
juCpqT3UcFW1o06G,价格,0,
qi9FRgkn70yJhV8d,价格,0,
NjgqTBvlH68mWId2,价格,0,
FnxNHYEG7VKrLpjO,价格,0,
FolwpA0yfQLrZEiH,价格,0,
C0iG5Nud48OmX2Pk,价格,0,
DamKXCFiZHT37BGO,价格,0,
RjfU4HnaO0KSzlpC,价格,0,
E3NbgOkJ9tlinSDp,价格,0,
C1jK43ImNPsUTYuf,价格,0,
m4Ps7aIlUHdNQ96D,价格,0,
WaPyGLwQE0izcMd1,价格,0,
uHMWwOS43IQ0fK96,价格,0,
FHdO4pZhf95D8bzi,价格,0,
T6UWGk0OZmbgE9xL,价格,0,
gn3HYMKi4GkDQT0U,价格,0,
QLfuikY4NcvKZjW6,价格,0,
9OS84ZmRFWL6nu17,价格,0,
pgfSJHQPcouasvLX,价格,0,
i8yeJ1PhSDWQntf6,价格,0,
u6GAPLMJ0Z17jpcK,价格,0,
iPvq0uXhLj4zp6V1,价格,0,
6veUACrcbaDWgSPq,价格,0,
wIhbC0s3jmGKW8at,价格,0,
2WAtqCpk3EHsYNLG,价格,0,
qSoKXCQmPf6v3aEA,价格,0,
FZmN0vrUKYuVsDtl,价格,0,
LaG0oqHdbXiuc567,价格,0,
CTatqAVoBvLW4GbM,价格,0,
Lxkirv1mpWqPR4SD,价格,0,
Ia2LrtOkdXybueES,价格,0,
MvTeRyIP3bDq89Za,价格,0,
ECRjsnbiIY74PpDO,价格,0,
5vIQZ276cW9nhlUs,价格,0,
AzyW4NBUETH7vbgP,价格,0,
YzigLBmP9naDrOkd,价格,0,
MLKIN0SUHq5v8zYW,价格,0,
gt9voj04c3eQlOHs,价格,0,
wDxEtaUH3zLoPAI2,价格,0,
OBd3i7fxTRQSL81h,价格,0,
cD9s48BbWiwykgU3,价格,0,
4IONEgTitCLGye9Z,价格,0,
OSwysxEp1KTU4ZGV,价格,0,
KY8LH4SCnWqD5d7j,价格,0,
meNdXs32PROBrfkH,价格,0,
k05bFn6OEedjq9vH,价格,0,
YUkilVqunSyWdFAJ,价格,0,
nmldu0FiyIZS9Tj3,价格,0,
Evce8rR6PZIXdsyF,价格,0,
JQacu8hBCoZjdsPX,价格,0,
o5G7A3ZwMImPHbnL,价格,0,
xjSBDmyXaifbcCKA,价格,0,
WL6HsMEi3kNXjbwQ,价格,0,
6hfTwBpMCeHUqbux,价格,0,
dXJM8HgpAFsGOnWU,价格,0,
87qamroLVRjO2T5B,价格,0,
Yry8UHfBKa0jsEJD,价格,0,
FVsOCzBcxbwJh2T8,价格,0,
mjA8z56SRBw1nhp7,价格,0,
aERCNQcw9WPjtSTb,价格,0,
zOgYypuoj3DnHqdK,价格,0,
7el5K1ChiVGLaDyJ,价格,0,
kb4dKYRZEAnFToIQ,价格,0,
iVy9LYUc8HeQ0sdF,价格,0,
UAecLQb5yPFEoSuj,价格,0,
yYc8UX9WwPen0FbI,价格,0,
6BaeLJtDuKXYQgb7,价格,0,
wB1jPZH8753R4lJk,价格,0,
p9uHKcz3FYlBmieC,价格,0,
fRC3VjrYoL2OFZNz,价格,0,
X7lts6RbF4eO2LhN,价格,0,
3W9IVfP4BuTlv6Fa,价格,0,
gAvGSLtTWClK360I,价格,0,
FXbmRq815WQnuSeO,价格,0,
lT1uLWgaswAOUjdk,价格,0,
JuzNxctnG7QbFKso,价格,0,
m6FcX2ICDUNGRqnw,价格,0,
9IGP8J5XtxWnjBlo,价格,0,
Sv7PqgH5IRpQst3W,价格,0,
bEKPlxQCA4pcwHNU,价格,0,
KYyblSApEOBWR0eL,价格,0,
faUv4IeOMgAJD7NE,价格,0,
bj6H0Og3DuUkYyim,价格,0,
09hwsk7P5cvaVKXg,价格,0,
pLKVyHlB9n6Yr4XC,价格,0,
TZORfDtCeIb9KJwE,价格,0,
KAGgiNr3WmDIoyeJ,价格,0,
vD9VeG2iBSbuR4FY,价格,0,
lZdp0QNELeyfo8Di,价格,0,
FaoyPdLRkElUgb15,价格,0,
KEOIiakFoBJr2dRp,价格,0,
6e4AszdSm1Bwy5MV,价格,0,
mebpq27hozx0Hv4a,价格,0,
6yzHFPa2VT09plQj,价格,0,
KvLw6eoZ4FjzdYIN,价格,0,
O9lkmGTDUgPqoF4i,价格,0,
sentDHB4yQAGR5qd,价格,0,
9v7qXWnwuIgKDBER,价格,0,
b6KteS4iBquJc0FW,价格,0,
Uin59f1Ar6ELcmZu,价格,0,
MR0mcoHQrWXFqJAU,价格,0,
QvF7YN3B0UdfjpLT,价格,0,
w587hbgUGyIAJCcF,价格,0,
UPKih1JczNOf3YdR,价格,0,
qRO9TKYzdVfuFtvw,价格,0,
XVWc7EHDPM3BNhqi,价格,0,
pXrRtj4S6EHLeuGJ,价格,0,
OoMbuNVpZ6IUhXLC,价格,0,
nu5x4Ke1zQvAWrLw,价格,0,
9ldhWyQnDV3Bpr4J,价格,0,
g0fZRwv1tWXLloUr,价格,0,
g3b9aYo1wISymRn8,价格,0,
SDzAtskNR2rebiu3,价格,0,
IdusAw5VFOpLztJ4,价格,0,
LAxDmybokc5IijXh,价格,0,
EDjrVy06wW1QKsCn,价格,0,
OxIomfCngcuTyaEG,价格,0,
z8GLtQDSY7ewo2Rx,价格,0,
zfY1mTl6IdCeN5oW,价格,0,
Ws8FLlqgJdvjmpkf,价格,0,
qprZFwPWEnxV7mUQ,价格,0,
CYXkDtqioJyxbGHZ,价格,0,
yYz7M2WaHrZgXhuc,价格,0,
IoC4kMGmBzZLvabl,价格,0,
qNCMRgG1xvrysUTL,价格,0,
gCVavlsY0mF25dzR,价格,0,
GflobpT9ijXwOdUe,价格,0,
cSMj9dkghvyolA8E,价格,0,
ZXJDu2QoKyFcantL,价格,0,
1BwODEj0vsXiWGTP,价格,0,
usM75JBUIWXqh81Z,价格,0,
ansHJQfY3d9RANEc,价格,0,
5ORFufGL1gJqPXcb,价格,0,
uj70WQBqvYT6wo9R,价格,0,
BnYHIo1OSfQNDwKE,价格,0,
WmHgCXdOIslED5NQ,价格,0,
rIka0x2W9MlpPw6V,价格,0,
BNtFyKUzcO4P9SVe,价格,0,
H2isRZMPX9C5bxkF,价格,0,
ELdjWvrgNzpR5shX,价格,0,
DSPzKeLH0uhMtqbj,价格,0,
kH1Uj3GozYiqpt2E,价格,0,
drjKsNTnk4mWUP8t,价格,0,
iqkfESIHX5hjN1B0,价格,0,
7fe5siYPBWZADda8,价格,0,
f6as9xEbvIQi75WS,价格,0,
21BHMtZ3lbmzvYWI,价格,0,
2vSQnRuZdGO1MFUi,价格,0,
utZCnePpvXOERx5L,价格,0,
J604wB2pgGfuDicQ,价格,0,
vgkYQtw06TsAENDU,价格,0,
7OBdlZ6YKp95SVGH,价格,0,
Qykdt2N3oGAhrgOb,价格,0,
DV9qcNmIg8O1vFHY,价格,0,
jBqdNvYz46f9SiUA,价格,0,
CiKS6BEcV9txNe8F,价格,0,
SNZAupTeyE8f3DOa,价格,0,
aWVobSZ95j2gydMQ,价格,0,
cXPlC8xS9NBoZmvI,价格,0,
HPR0bSL3CZhuXiNF,价格,0,
92GLtM6NPu0CQlbq,价格,0,
AdicesC0Y81JQSt5,价格,0,
d9Yo1whB5EkNLPJZ,价格,0,
u6Y8DSB7nZWlgJNv,价格,0,
TcW1r3peXbjy7mEd,价格,0,
jFysDmnNYI1RK9A5,价格,0,
uzHYh189ySlcvQtL,价格,0,
MdDwt4EsZpWoHKg7,价格,0,
t6nfBVjDOw9vxmqr,价格,0,
7vM2TIJH9Qbe5qcN,价格,0,
ElD4L916Kqu3foVT,价格,0,
H6rOgMiWeovFyYQD,价格,0,
X9tW1vklqjHU20yp,价格,0,
ZMD2lEGc1F5uvbKY,价格,0,
bvYTCJoyWRrFdIOe,价格,0,
M2CRIPTD9b5Gcmds,价格,0,
4E9Ahb80ecm1LMUQ,价格,0,
wDhOp9q0JeCAod2G,价格,0,
W67mPuqewJ9aMc5b,价格,0,
h8s3jBtw1NgiF6DI,价格,0,
nmVxt4Tyv9CJW7ag,价格,0,
1aYrZnCMKBoX3s4E,价格,0,
7ieCQ419O6jBvbWk,价格,0,
lMSvUoJmbs5aOAr4,价格,0,
bV7YdEhL4BQaCprz,价格,0,
BevXWnqDitsjJQhY,价格,0,
8tWqrNif2d1vn3yc,价格,0,
jH26yO7biuw3Vgk4,价格,0,
fJdn62OWukaoe4mM,价格,0,
W2LdbRay0vZTi5Pz,价格,0,
oLOFZx6IuyH9CAEB,价格,0,
S9nuf83qIRJ0C16c,价格,0,
Kj9XGruNPEwWDRiT,价格,0,
X5fKCPbQla9MGyO6,价格,0,
LzMP3x6NiRIhn1J4,价格,0,
qjNEdkwbV26fczBn,价格,0,
EFGwePH45xyBWUcb,价格,0,
Bf2kUCiYsx8zVuKZ,价格,0,
zCKD3i8kc2svrQSW,价格,0,
UbCTsEBa7D4loFLf,价格,0,
96lEufPqmH10BpoO,价格,0,
UuaVhwncR36Aoqkd,价格,0,
pQmLUbXGln3RJjxE,价格,0,
lByQnzOS3A7f0ZPu,价格,0,
Qs2XdNyZezG5qDm0,价格,0,
oAMV9ZCFlh5IizHD,价格,0,
cKxH2Pd8M3JQD7ja,价格,0,
fVTD5JUWYQe3R2w9,价格,0,
TF1dEg2cpsnyC9N8,价格,0,
yiRPIe8JqXH2opuB,价格,0,
7Trbp0cZ4wfnJdxj,价格,0,
ypgtWM4Ks3ZR2BdN,价格,0,
BC5xyqD04oWeYRbl,价格,0,
pJUOMHKviuEI4bSG,价格,0,
5cq2rLbojOuFiMZS,价格,0,
RCEkxf7X04bpOIwa,价格,0,
tfIs4yCeYoFlBP3K,价格,0,
7n31fAPQvzuZDE9q,价格,0,
UPAlpjdvTWcIXMVt,价格,0,
CzcmFPdZspvxhn15,价格,0,
4NjVBL3t7FWqgPJX,价格,0,
K1T0Cn5cNdOzEbpm,价格,0,
iW9kR0Uf7h1ENxKa,价格,0,
dVpfHBG9yDblOAE4,价格,0,
I5yzgdLlFQDfnRpC,价格,0,
X8JCHV1snwA9LpES,价格,0,
HsIpqzCDF5cA39PZ,价格,0,
QstBTHJ6o7UXY9vy,价格,0,
rjDtVbpdoYgfmnTQ,价格,0,
nZ56RpHemMzEYCVd,价格,0,
zalAOVtiG1Upe8Jk,价格,0,
8SLQhgEHsDZiY0G3,价格,0,
JcbGvKkp0oIltRCA,价格,0,
tKvrRDxVkGFci1WC,价格,0,
Qi3VU1KWJEP8egYC,价格,0,
r4ph3Ad7ukP8nJRT,价格,0,
9yHswJVzLYWBv7DF,价格,0,
jlJM5YCSrXygxOpD,价格,0,
rbjBk0wUl2FKa4hi,价格,0,
hS3dVHQLOcKrPkBy,价格,0,
eFzO9ogbIJZ3EwYR,价格,0,
Jz6Vt38OHGymb9M2,价格,0,
VqT6oaI7dRkEsvJh,价格,0,
qy54altSUH6NnjzI,价格,0,
uQRGFCrTxONUekwd,价格,0,
xbHDrupSlPEoGLQ1,价格,0,
L9tO1jeGMzmZUx0J,价格,0,
gyXcsSC2eHJ0GdTo,价格,0,
UzlawP67YSAO1HWD,价格,0,
JQ6CTFYDoSihxXWr,价格,0,
LdSU9FJKYkja2pwn,价格,0,
rC9gjVLbJeKUt8Zv,价格,0,
hTmRLDS3H610WEGJ,价格,0,
LobyXDu3GfzvTO6i,价格,0,
Sow4k2ylRDgvFm3f,价格,0,
dTsLzOxYeA8yNCBh,价格,0,
Zz9IUVhrQgJqeGv7,价格,0,
YSeEn5CvJ1FkgoQh,价格,0,
ZVTLb5YBRHwAs4qh,价格,0,
6jce4mRanQMGoE9b,价格,0,
dEQ2H6yVaAh7P5j8,价格,0,
eiR0Iy3lLo8JEYgd,价格,0,
S1hHF3MijXWIbzwt,价格,0,
6i0Rzsv4pVEHkXM9,价格,0,
VJuCFZrUz5RapBgX,价格,0,
XKjTBw5OP89DQLvF,价格,0,
hScziZFfO71Gb02l,价格,0,
KYaEbkqyUBA4Dtou,价格,0,
wGXiACrD3ymLkBR0,价格,0,
6OdjnoPyKUQaDv31,价格,0,
xfLZk8MAbU6OQYVp,价格,0,
f0nyPXhJAbr3ZxVD,价格,0,
Wguopj3ZQzSH6Bx9,价格,0,
EYSxnr1eUpbQwLuA,价格,0,
7ADnOoqHVgKSbLuR,价格,0,
1yjVZfueAY5JPlhK,价格,0,
SVDsGBzTyR7geUJZ,价格,0,
i24bgYQmtysxEKz9,价格,0,
uNQz1OtKm2qviDR6,价格,0,
Gi3vb2Ha0zCoTk75,价格,0,
kvluCRfjq3GIhLaH,价格,0,
QPt1bTO5yKpD8Hx6,价格,0,
Z0SpD3Pvtoj6x1le,价格,0,
KsAywUF0QmbhYG7j,价格,0,
bEf1ZICFYTW97Lr6,价格,0,
IUOaATJujgxtLpsw,价格,0,
ocn2sERkmjqQXu4a,价格,0,
SrzCwMmb23Uf7PKg,价格,0,
PSZohVxMmTkD821t,价格,0,
QKl2ZEa7RoO1D5gx,价格,0,
MdWhZP1Uj4xYNL5b,价格,0,
2u0Jcw8TEns6KlQp,价格,0,
uziQ92KcdPaOLAjw,价格,0,
UR7s1tVcHXWNTZhy,价格,0,
PkoMaELQGUmgFwT4,价格,0,
aExKDj9fJ3uMWRAh,价格,0,
mvkRl7asobxzLMyG,价格,0,
OP3A1vDpTWIV4QR5,价格,0,
fl2Goc9ZTbimrqgY,价格,0,
TfQUE3IXugtVsHFN,价格,0,
SNJBxVqDgp9vAKTr,价格,0,
sgIYzSvnFhjBVPmN,价格,0,
qRL2WfeDsHiExTJV,价格,0,
EZmH5rdOcFoyK2UG,价格,0,
ilVBrAke3EZMUyPt,价格,0,
R9X0n8kExU7IDWC4,价格,0,
WxEeKpSHrmBI7Clj,价格,0,
JeE3SgAtsuXwRzW8,价格,0,
snz2FbtveQmiBkSw,价格,0,
rYhGEQicpHP8tZj2,价格,0,
znAvgJaTW4M0BfmG,价格,0,
D925FbmgOYIfyoAv,价格,0,
YmJvLaRo2IEViHA9,价格,0,
4yL7D9NefqodO8FB,价格,0,
J0bUnY4IPvZ1oaCt,价格,0,
p2DgM5uoHAT9XPki,价格,0,
aU5RcOCxXFNZ3tvJ,价格,0,
zlWsZHG3KjfiUSDb,价格,0,
3Cw8jkALXivOMqfx,价格,0,
wRzlYSopnT8tHMmP,价格,0,
T1UXBuIpaJxt2Rkh,价格,0,
UdaiYykEnSQ4txcL,价格,0,
WYy2vQpGH3eAhtrz,价格,0,
9fqL8bdKWXJcThNu,价格,0,
4oye1CWiz3OBaKTl,价格,0,
lC9WBmsbinDwXrPe,价格,0,
QrHi1I9AM75BdZcu,价格,0,
f9xNeIHwOLTAls2W,价格,0,
gzYnU9GOx2B3TFla,价格,0,
s27vTZQLJUfh5mkA,价格,0,
iUbCNmvynucYRj5X,价格,0,
2UBZ7gjF0de9SRWc,价格,0,
BOd0oJ6g1hTnkKuL,价格,0,
RZmu9FkdT04Vpx85,价格,0,
CB8xX6FdUeSJia1c,价格,0,
JjiHAduZ3KN1vBmE,价格,0,
cSAgX960KizLGv1e,价格,0,
wKQIg3OYrmpie2nT,价格,0,
ldP5hcgTAKWfBbGJ,价格,0,
xUHl0LQJ9usiCwcV,价格,0,
B4xdCgYTVyvurDUj,价格,0,
ZltvGnA5m13WLTKg,价格,0,
3p07am26KFC89NBM,价格,0,
EXSrYLdzcQvjyT74,价格,0,
m9clDQRHJEe7BVjd,价格,0,
K5J3VMGmEbHty2ZN,价格,0,
4SNleaZoPbsivAJE,价格,0,
0lDiXVGqkezETMvb,价格,0,
H93sL4ngdmJGtARS,价格,0,
BnCoOXjLN9GAduti,价格,0,
4qUJbHaBIm5jXeuV,价格,0,
xBDNvMtL8ZQbg4IU,价格,0,
uA95avdpWL3YmUGf,价格,0,
NeHxKWiUoZbQD9rl,价格,0,
mxRIU03nkN7QSbKj,价格,0,
SW2KCuFyexEhYBVN,价格,0,
U3QFHRfOXGTYw8Im,价格,0,
tHD0xImBS5ZLh6nU,价格,0,
LC9Fk6UJfY2157va,价格,0,
4Gu5FCl1ypm3MYjh,价格,0,
8pJX65eRkD7rd9cW,价格,0,
kGBvJTFlncWIX10z,价格,0,
zORsTibanUPKqA7h,价格,0,
TmUA689Qhy3qnEVI,价格,0,
FATNSQnbGueDtVOf,价格,0,
xHGBLXJ46qubCzYA,价格,0,
zy2ZLBUmdKwXcE3x,价格,0,
nJlaY3rVAPydU597,价格,0,
he7O3saXxQzl8MqH,价格,0,
SDKT7uqyZBLV5cMt,价格,0,
UjvyLAzGgJIRDbla,价格,0,
b1UBLNhDWS7mQgJx,价格,0,
JoXT2sebKRifZnN5,价格,0,
gKNIduqReyQ5SlGA,价格,0,
td5LqgfD2sWUjPTY,价格,0,
msfUBPLAMIHYVkKZ,价格,0,
LkZGyAF8qdNfuQBt,价格,0,
rvsFY9xykTh4UR3P,价格,0,
iJj0sV7WDoPpxC3B,价格,0,
fxc5HJd6vlU2n3wV,价格,0,
PL4QzxNe8wsGYd2t,价格,0,
nX561cF9aYChtfsA,价格,0,
fjtVdyKrDesmcGv5,价格,0,
DcgBNjtiLyvfmbwT,价格,0,
hY4bE1WceJXvfxkM,价格,0,
bMZLdocNjy9zhtUV,价格,0,
HqdWmhoDNjFyMVBY,价格,0,
dc6lm3E98HUX1BqT,价格,0,
Z4z0htmdXfHnEub9,价格,0,
6vaKfrw5bUSeOdDX,价格,0,
we7MboXtYGQCuByK,价格,0,
IBnweMx4ygGZObjJ,价格,0,
fAjQZhGbsIdPxlN3,价格,0,
5sC9Gq4L713vcpWt,价格,0,
Y52oLvaXJ4NfTiHp,价格,0,
hkoHX79LspCBglwO,价格,0,
29zOhgdxb5Ry3irG,价格,0,
oEw5Vt6lpeX2Adg9,价格,0,
I5AGQL3jOYwUkbte,价格,0,
JZcztNaO7jxwLlYG,价格,0,
Jma4BfpWTSwk6x2U,价格,0,
zwP3YJrWTxNnv9F0,价格,0,
cYPmsrJMOa4nlDou,价格,0,
ZqIDRvrB8fwCNXu9,价格,0,
fDUYhMEs9wBW1o3L,价格,0,
kJ3zZl2fvH1sO5SQ,价格,0,
bdqIDluG5kZ8yB0E,价格,0,
hRdiWSO5TFyoEteD,价格,0,
trkwUxXBOTW8scKv,价格,0,
NYcdrFwQitb953fo,价格,0,
kXqR9l7vUaWsmrVT,价格,0,
MrigDFAYRsEfINkq,价格,0,
CtOKSDwIzyrehEci,价格,0,
YBVgolr0QpKSHtjM,价格,0,
3IXzVv7KpRC2tdQS,价格,0,
oUS5x2RH6YKb9rOZ,价格,0,
i8hcmETg5CBa02Sj,价格,0,
5USD0pfeCldLT79m,价格,0,
pt5BcYLVWrAXq0GO,价格,0,
uRXVYHAPQ2c6xMCO,价格,0,
056sXLUenx1pItMv,价格,0,
LlYeGpEUvji8yc67,价格,0,
3pjICsZE4KXyHYA8,价格,0,
7XMHcBdeo0nKRNrE,价格,0,
PRzBNSQ0WvlJXjcG,价格,0,
cRefvwSOFjd2pMCl,价格,0,
0VapY68qAvofEUgt,价格,0,
X3zZC0KfxVIMON5k,价格,0,
QHrK5zZkTX4wWude,价格,0,
WNhHv91fmt6OaSp5,价格,0,
Mgw1hyc7iC9AXGn5,价格,0,
0FhVawIBEuy3rkZt,价格,0,
kbBPiGVeguLMQn4c,价格,0,
EWSFin1l7JCw0yOb,价格,0,
KDk7SlN9q1BcFa2u,价格,0,
R6XfcNGFio7Sq9VA,价格,0,
4EUXhTtA5Il0DPGY,价格,0,
pwiRFTLHz7r5JNWu,价格,0,
SR6Q1IwTKUtVFb4p,价格,0,
QgBLtMbjoW5zqFwV,价格,0,
PlcNETm3FtzryiJf,价格,0,
N9h6FfCaZiQImWgE,价格,0,
BFObiKUfX40r7uka,价格,0,
KgHo2XNmz59SLbPI,价格,0,
BLpnDEK2MgYWqFhR,价格,0,
mfvyRCK1dM4qtHBo,价格,0,
S9bdvzojeuU1VILW,价格,0,
hcapYTBox42WsSZI,价格,0,
krfRF6zIw8uNjZhx,价格,0,
SlMeUu5ivcAJqVX0,价格,0,
MvwkAXbiFdxrq4U8,价格,0,
lIZrYjg4U7aBOzwx,价格,0,
NGyshKCTUfntF4E2,价格,0,
4Kd9bsYSFvMipwWy,价格,0,
9y47pHYWnBKmqSjb,价格,0,
0UFPpKZAuO58jTk1,价格,0,
DZLR0tNlrT1u4fjs,价格,0,
p8KlrEFaMN7kw49d,价格,0,
tI35NaPYw98BOrWi,价格,0,
OJAalMdiGVwc68Tk,价格,0,
SNAizMQGUJCYBntZ,价格,0,
7ie4ysZjXJ5VUDuM,价格,0,
oXH1rCKNQeuSzRaF,价格,0,
CIUjik9uDBxWScgt,价格,0,
Bdw4SNHzOleoPqWj,价格,0,
DHMPwZAtEV1mJXhT,价格,0,
v3S6zNeBut2g75KJ,价格,0,
o7xQ3LOfbgdekw2a,价格,0,
65t8T14jmI3BnKED,价格,0,
et5VZWzFxImKYRvj,价格,0,
VDXmqcPTKF7dtenW,价格,0,
10jN9LtICWPOEuhn,价格,0,
uyRJHd68iBMel7cD,价格,0,
XHMZeUz9uVfik7rA,价格,0,
E4F8RcQVtDWxpUiC,价格,0,
G1tPfoMLxbkemFuZ,价格,0,
Hki2n0YSZBA8hdpg,价格,0,
lZIUTWFehBJpPEkX,价格,0,
KgqCX6eQjJl3TmPL,价格,0,
DJtXGd9TIj7oHZhi,价格,0,
CGHU6PwzZKXduLVI,价格,0,
9BFHXUj4RpgNcY3r,价格,0,
hutUELR95IlV0v2i,价格,0,
ctUe4yWAIlrhO65L,价格,0,
svpaOCbPeKwWtxud,价格,0,
D5M0H8WsjaVqOKSl,价格,0,
aqUdpHDzb3NFy0m9,价格,0,
CvMqpTIEmWroJfd3,价格,0,
JXZdzFwTgAECRc2l,价格,0,
SQZWNRE3eVJkjPf7,价格,0,
2ie4Fb7PBfK8TH5Z,价格,0,
ORvSEao5Dd2JLYAl,价格,0,
kncumDHfKpPT8bAQ,价格,0,
2zF6AfHu5GoP0nSD,价格,0,
yWkSsMKfi7qExwbR,价格,0,
ElJts2TzVubrW8f1,价格,0,
3iJr9qLspWNb01ku,价格,0,
inNDaCQcu5W0xKSv,价格,0,
yuMwv8A4I7NPOcJD,价格,0,
jTa6KoI1ymA2HekJ,价格,0,
cJYGbOXIMWZxCw5U,价格,0,
QcaG9HgAwBmpuiZF,价格,0,
2vQZt3cUpPxq1aFb,价格,0,
geMLRpxqT4jAJC39,价格,0,
kfXRn2sNyMrh8m13,价格,0,
TaxO205pDtulHG9i,价格,0,
nlGLBRifpHU7KAFy,价格,0,
1QDHtwCLTPKxBFyV,价格,0,
O107RbQH8FIEdJC3,价格,0,
3dOu6RFEPH7UKp5w,价格,0,
suwj4c13B68RZ2gF,价格,0,
inktdcsu69TOaKQ7,价格,0,
u7BZNFiE0cKdojl9,价格,0,
kKxJLtQApVnogGl6,价格,0,
eRQatbCxdZyqILE3,价格,0,
b5aExqZsgelO2fvp,价格,0,
MviKfxQgL6NkUGjc,价格,0,
ktRpUxV2XhMAsT3m,价格,0,
k2yucZ7QgNDK5Xo1,价格,0,
6RcohtkEwFMg3Zx5,价格,0,
UswApGFgzucCfJ6S,价格,0,
ayLZMdpuOilGv6qF,价格,0,
G6spTavu8XbnNw41,价格,0,
fVaR2Yew87udU31W,价格,0,
xtAqpUcvazf6QDko,价格,0,
qB7YzNKymM4euFwL,价格,0,
yFujWkExlsQTwAYL,价格,0,
uj09ckHdrbI2gDXw,价格,0,
nCeg1Kv7p0wfGz26,价格,0,
ezdC0rVQ9ExoZ7OW,价格,0,
iQTYVo8k1nDWMUws,价格,0,
Nk2DL9OcyhegrEid,价格,0,
0dfh6vX5ZxrRSjqQ,价格,0,
PYnqkagN7J9lGbX4,价格,0,
ESe8uGVpthw2qvAI,价格,0,
m1BoNMzhsLte7EPY,价格,0,
HzOjPbDW7snFfC5E,价格,0,
bcSrvXnfwh9G1sCt,价格,0,
EpyZeTaIXzUkuoSO,价格,0,
FD2kElsTogNZSdrU,价格,0,
Fgmsjr4pDh0l85Wc,价格,0,
mKeRHCFLgZSha3c4,价格,0,
k5yBDivefCIcsEno,价格,0,
Ys5j6pztVPMN9dyr,价格,0,
xORtcHMv5gy4UWJB,价格,0,
rhD8GPSuysxOlYAa,价格,0,
j3ETD8hfvw6pmFot,价格,0,
3BKOx5DzMaQsi0RZ,价格,0,
vyUGsFeo1E3nmliL,价格,0,
GFqcbBlxWdEOZ98U,价格,0,
DtK5aQgf9OUnbHcd,价格,0,
6YOgDZisAcz4B8Kb,价格,0,
zsxQ34YguLhVKqWj,价格,0,
LWm1dies9EY6FAIk,价格,0,
cgSKMAwYqW4mj9LU,价格,0,
WJ3Vb5Cr4TEs6MDh,价格,0,
fn6JCwyV52ExNoAB,价格,0,
vZoQtfNTVcDkr1RY,价格,0,
jwxvW0p7E6XL81za,价格,0,
7ivMHN4DnQCTzWPa,价格,0,
QPw1FAiOeSdZ9RHB,价格,0,
CGBhSb7nQLsJqOv8,价格,0,
9F5LEfqRIaBmOok6,价格,0,
yKxYB9VuHscOGSAo,价格,0,
RfchnPL26rEYqU9d,价格,0,
Np8JIeV0kgx6yHjU,价格,0,
lusRDiW3pwaC1g6G,价格,0,
o4BK31rvGf6JuDZO,价格,0,
eEzqhWBtb4ZiPjyv,价格,0,
udoS4CNYz95EI3A2,价格,0,
JhjbDXaK5oAVzUwN,价格,0,
hQpxuaeL51if34Ss,价格,0,
daBn0zAJuh76YxEf,价格,0,
9Cc6IPenXxTmLAa1,价格,0,
AHW7mhYxMGg20oPK,价格,0,
fCygScVsndP3Zt15,价格,0,
cNQ96mvLJTPXU7qw,价格,0,
h6bvqfCNMaJ8p0QR,价格,0,
8HV3WIDK2JUZSbFC,价格,0,
flTo2WjaIkiuDqX8,价格,0,
przyuJL82c1GfBAv,价格,0,
YsgwXUIHZAQ0upVR,价格,0,
gMFNJCpZ5cGwH8Be,价格,0,
FS5OiPvMQdKnjEBT,价格,0,
SKFUxA7dVENw1ot8,价格,0,
YUqfX2IuADLJwv5i,价格,0,
Nn7xR5CtmZk3Bfuy,价格,0,
6uOk5U3st7ezNhbE,价格,0,
OnaeE0m3Ho4hPBG9,价格,0,
tEwq3kU6yNp4AHMj,价格,0,
lgWB1GQPU2LtCbIO,价格,0,
k3jfLWGU7ZvHeYgr,价格,0,
64RkNdunL9TrUSQy,价格,0,
6huJNeXjFqAyTPdQ,价格,0,
u6jDlYH20VN5APBv,价格,0,
u7B8htHDOLjzZAaQ,价格,0,
RQnhPEt8q0BOlS46,价格,0,
Xrxp7HuBg2v4qk9O,价格,0,
RhfXjuWbNzQPAmTx,价格,0,
AlFy7t9IK3diRgbS,价格,0,
WMXYuq5lbzLDwjAg,价格,0,
LO1jroyDJsquHRZ2,价格,0,
7b0pJw65YcICoUzZ,价格,0,
RY2xvl4Mi1Tcabj8,价格,0,
fGRenlp71ZDuACEY,价格,0,
G0aXfEIqVdRWvF9b,价格,0,
iL0eoJjRnWKlU4av,价格,0,
fzlgbMthU0dSijaQ,价格,0,
Uasb549NBtoYWOhl,价格,0,
06vJk25tLPqSAOp1,价格,0,
rX2s9SykZHTugQKM,价格,0,
1roZPfezp2xJIDGi,价格,0,
fhVnqx2uEd0iHgG8,价格,0,
ZW4GqhOlFucQopNK,价格,0,
WAoE4nJTKuZglvmG,价格,0,
k8rL1RFvXEVwINMH,价格,0,
bhmRrF9xA5vSXt12,价格,0,
jExKsDpTcQUOX1zt,价格,0,
9yrUegdiBfSz5LPc,价格,0,
uQInq3LADECzT24P,价格,0,
JNm6xy8tE0gZivVL,价格,0,
BDQtfKrop017dWn9,价格,0,
TC8ux1tecBnbEfW4,价格,0,
6RsAS4XJv9zxehOm,价格,0,
D5bSu7LOnQ4raJwE,价格,0,
0avxYXt4Ld2TDHVq,价格,0,
fE3mb7KTQvc1wFZC,价格,0,
MewSZoag5Q8OxIVn,价格,0,
w3smqIt0CP5yJzSQ,价格,0,
av18RgOi9q3zLJZB,价格,0,
ZMgQETI7HcXaJPnu,价格,0,
Rw5786gaXBCzGDNh,价格,0,
qcznsyljIK5gW13Z,价格,0,
aIKU6pSFbg0jElD4,价格,0,
U6Yb7JkXH4ud0prv,价格,0,
Ae9Bg7IqKYFuxJaR,价格,0,
f8BTX1hPxIEVuAZD,价格,0,
PXrktuZ4oGTNdlyQ,价格,0,
Sn7ZzRoBaTVw1r2G,价格,0,
MzjC01Ov4KgrVnwl,价格,0,
ZzE8HB7INmuFSyl2,价格,0,
2F5v8I3ZRdiSVOlM,价格,0,
18cJkHiGPZd5xlvX,价格,0,
wKWzETpquPZSohLj,价格,0,
UvXfePtpKwkRO1Jh,价格,0,
8EP1GuYimLchgF9X,价格,0,
vkDGIoJ8TZNdw1B4,价格,0,
6b1yQrFJhdi2aZso,价格,0,
Ba2VwQMKHtrxGzpm,价格,0,
km9lwKfsUGpFJnI1,价格,0,
kZIm8TSGPKgdCviX,价格,0,
3waoGs6DLeRjrxOB,价格,0,
bJIzTNc7Moiq8wp0,价格,0,
vkOJQm36qETLfI9n,价格,0,
riHy5UabPW0fMIAN,价格,0,
592wQPGZTWVgIei7,价格,0,
9d8lKywa3B0PfLM2,价格,0,
Pchj7VARe4gtmiOd,价格,0,
xRIfryc1MG3nJOqQ,价格,0,
RUEu2BIoVeTsdk1N,价格,0,
uz5LxtaHWjPh2cEi,价格,0,
EDo9aShzQUewruOP,价格,0,
epNDnEtSY8FlLdqR,价格,0,
yhWKJkC6RxTUtnYB,价格,0,
RD2Pd4wIn0gGCZHo,价格,0,
ByCalFw7j51e8ZTV,价格,0,
gto9WmBOENS3cXKs,价格,0,
7MN31h526WYAoHwL,价格,0,
el5cAQvjZEYiJ1Vb,价格,0,
LPRsZi3tWXrguSVb,价格,0,
LiayInCbKGNqjezh,价格,0,
Xtwd5mShPOoQClkK,价格,0,
vcnMRyBl89DjtUXo,价格,0,
G06n5apCJTUyW7dh,价格,0,
xITUtjneCiDaK4r0,价格,0,
nGKN8ZPRX7bd9J0t,价格,0,
bkx98mnYLCe3WDzd,价格,0,
zqmsg8DSiG2lQLaR,价格,0,
ZLeoOxCIiqjdPQSk,价格,0,
HNRVAQPSUoX3ybeJ,价格,0,
ajkbZcriRmB6otJ9,价格,0,
LbDM2NeVnh9GPyUX,价格,0,
XEg72TBW9zhC8xAr,价格,0,
GS7Fc8PWy3bzr94s,价格,0,
k24K1ZcWOSYJ07Em,价格,0,
0AghVaU3zovyfZK6,价格,0,
SnmaPubjOcvA9FBh,价格,0,
WNyUMEbpTzxGYm9e,价格,0,
JQyzMPEWYdbkue8N,价格,0,
0zvVXq62e1A9ib4W,价格,0,
bknrC4PKsLwvtMVl,价格,0,
yt0PCoFNfBsgSQlD,价格,0,
UZt5DT9jcW6pJam4,价格,0,
TH4XmfEMIBsUPGeq,价格,0,
jNAMbnkW2GQhuedy,价格,0,
9bjkmsRP2ZAeE461,价格,0,
7vEhqRNMyJf4bk2S,价格,0,
e2maqIsDiCNpbUyX,价格,0,
xlCcQsGXBZd3hR91,价格,0,
EfgDJMeVjAR2Oani,价格,0,
oHCUun6B7GvL8WlI,价格,0,
F1TNm6zR5YXK48fa,价格,0,
Zp5XkQmVtjNS2Yfq,价格,0,
pHshzjOT3MQB8ikg,价格,0,
lTwuRqjUV0eOyCdc,价格,0,
ZaeYwInl23uJVT4K,价格,0,
YQi8OESrgCvjPT5J,价格,0,
OvEuatQI8nlf5W4b,价格,0,
4Nl2xiHZkwfqG5Lh,价格,0,
csV2lerGbWHDM7uC,价格,0,
7ljw0AnmIsEYyx6b,价格,0,
lz8CZIvuepMjyT7A,价格,0,
mwgUZtAKuYWskdy0,价格,0,
ZFDQvjqLe042yWr8,价格,0,
QtyfYMKHjFJhT7qb,价格,0,
zu7TV3p9yI01fb2i,价格,0,
cqbNCaWf31yOFk2z,价格,0,
ZxIysR3VwmEXitzo,价格,0,
tPWwM1QZlKn6dSjR,价格,0,
zGj9cIeZwxhBQR48,价格,0,
xyVZbhWBMis964AY,价格,0,
LzbmvwkG9uSTDH0j,价格,0,
pH9qK1Mxse4GTkQR,价格,0,
L1esR8dohQwbTaWD,价格,0,
qxB0rLI4NpR6UQO2,价格,0,
ntf9greFQdToRAvj,价格,0,
KFpnvjzWT02gcIbw,价格,0,
O8u9KG1J6jVqRlS0,价格,0,
yhwXVqQiSFe0KTGu,价格,0,
7W4hb5ep8twNRC2G,价格,0,
DvYtjcm4UkObHZRJ,价格,0,
5nximF6XTzfJZa4A,价格,0,
Wr5lt8Xi0dVavhSe,价格,0,
iEXebDTcawoA0BQM,价格,0,
KF3paJVsftS0kL9z,价格,0,
0Yj4uHZJSBzlD7ix,价格,0,
b4AXUmFtI69dREae,价格,0,
lSQtCEDvrhdxG5LU,价格,0,
kGE5UO3MHwJFQ9Yf,价格,0,
fApirRuzwkNdanVH,价格,0,
ytglEGzINRCJ0rvL,价格,0,
n0zyhMV2qCcRT7sL,价格,0,
bM9TrsOKgASWcePR,价格,0,
slUkXtKjbT2gqyZ0,价格,0,
f0y2eka46dZWtm7n,价格,0,
JoXVZCrfDIj2YEHn,价格,0,
WDOtTbYw01FIpM3G,价格,0,
OsYUJZTx4c8SCW3I,价格,0,
wFn3N9MApUeOdjHX,价格,0,
hbjHsBtwcPqa0CJ3,价格,0,
kewO9xHJuqIoA4jF,价格,0,
zCIjAPpcefManuRw,价格,0,
sm0WEtJfjKlT3Oeo,价格,0,
RCTHDFv6aKXA2WjI,价格,0,
qju7rk4scUKJ1gzY,价格,0,
HB1syAbrheKnUwtC,价格,0,
9mNiTQ81e5Yu3k24,价格,0,
x82sm1ahFYI6jpqc,价格,0,
knmwaYgs7Er53DfI,价格,0,
aMFJAWuCiP3dQTOe,价格,0,
LofFZtYiRkwd6bpy,价格,0,
uohVA2LclBpk3nxi,价格,0,
A9KZib8pXfkQVgGW,价格,0,
VLHijeQoT7GZF6Yh,价格,0,
sI6Bwh7P3OuHftLr,价格,0,
iCSrZBo2maTWVYqA,价格,0,
esqiA6b9u0cJEjS3,价格,0,
DWyohezJr0CQONqt,价格,0,
YFsPnXeEVmh3LJRf,价格,0,
rytcHs5GMUWREKfj,价格,0,
Fq1kRMwxEa0rnJyh,价格,0,
gHiD3zTUrPCd5FWs,价格,0,
tusndCeJTcZWXl1M,价格,0,
IBwacFpzU3vL15EJ,价格,0,
Y2C4dxzm9JLKywXu,价格,0,
P4vcBzdLeQJ356nR,价格,0,
jHrbay0T5MYIFcfC,价格,0,
XJ3komsO4CZ0KFYr,价格,0,
1wqRWndTe3Vh28gZ,价格,0,
atvMkpfeVu4Tlgrs,价格,0,
q0OhwytNBT3Pe4Rk,价格,0,
VoijeQ4huWkB0ZlL,价格,0,
WUQ0Mhu19dvPcsnG,价格,0,
yn5Yup943KleQIDg,价格,0,
tqJge3EvVFUkxd05,价格,0,
wcopTmyzvU53ftqe,价格,0,
EVMhc9sRnktBZ2I3,价格,0,
QWD8lycXxm3SKe4z,价格,0,
C3eBiPdDrc7jagOt,价格,0,
V35fhcb8qOw4uZBF,价格,0,
QhrgY6ZaNL4zjfJB,价格,0,
0pJnq2mEzhHZ3Arv,价格,0,
BbjC5XQH4gaSZiYe,价格,0,
oGzVQxeU1yStugZM,价格,0,
jtbe8gZDGCEf9UOW,价格,0,
cDQiy0dnrVfx3MWl,价格,0,
H0ibSq4ndAzyE1hI,价格,0,
scYqrhITWwSnje5t,价格,0,
U0yhjQEPS9Im2tBD,价格,0,
NlxgP3eYt0nzKB5j,价格,0,
zO3ND7P0C16gotiw,价格,0,
PTDA2eULVg8NcMZ3,价格,0,
UdtE90wj71gQIBuD,价格,0,
Ur5LIl1YoBjWQEJg,价格,0,
gdibkoSsHMfZcaIm,价格,0,
18sbwglESLoPCJ9I,价格,0,
npsTlXveJmibUHdj,价格,0,
073DfApbZlcJ1tWE,价格,0,
7vlHt6GnPFKQCUVI,价格,0,
XEvGcYdbnIVTSL2R,价格,0,
zuERVI2Cc9FjrKq8,价格,0,
Be8g1L57jXQ0PRcn,价格,0,
93sWiKgY4UC8jDSk,价格,0,
az2weAL6kCjmvVru,价格,0,
yPUh5KZ9vV3lpsGB,价格,0,
MGfTopKhv3tr67Ik,价格,0,
RuGhicS6dUIXva2E,价格,0,
20o1aeNxbApYK5SO,价格,0,
g2vFMCd1N4i97KUQ,价格,0,
fYnArPDqmTlIyagt,价格,0,
cXWsxD0MTKQwEVpe,价格,0,
1KiNolhdjJ9z37AB,价格,0,
TcdzWbYEAqNIiPyp,价格,0,
qx2nhsRFDvKHW68z,价格,0,
zlEgoQBSR0eHYWjw,价格,0,
ltj3xs5h7oEP2z4A,价格,0,
yeBbRYX73hd94WZI,价格,0,
nlf4epZz7URcOWjT,价格,0,
DnmNzoYrLgcAaS6I,价格,0,
qIn7kULExg92VMcK,价格,0,
Hif4ZJjkoRw5b9tE,价格,0,
q6E5DiKcn0GBZxoT,价格,0,
gzuM7rRSdkc3yoVH,价格,0,
Q02UuKePZtja9Rdx,价格,0,
3OFdtEnJhzgjDvwG,价格,0,
9FVrmxcqvdC4pnzf,价格,0,
kXnywtp49dbE2aYM,价格,0,
snIOM3ePFcyix9BS,价格,0,
JU7rLiNatO89MEwQ,价格,0,
ksYlK4CfjXucNvGZ,价格,0,
mhdw9QJF0Kfp175H,价格,0,
KztJLy2av0RTEioZ,价格,0,
uTUzYxd82EJw5bKO,价格,0,
1M3ASJzo8XjtKBqE,价格,0,
OvSEW15GR9L2TYpC,价格,0,
x0pVSuD3Brs4QCkt,价格,0,
ieuKRNqP0vEIycaB,价格,0,
zF9Mueid3pXalrP7,价格,0,
WJFMnwQPUj8iLdSN,价格,0,
6Tl3EBqAXL0o7sSM,价格,0,
8GadRbIzViTqyx4F,价格,0,
VpLeaYSlRTqyMFgK,价格,0,
M4GuJmcIwU1THDed,价格,0,
m7FbotzxgiPfsJLS,价格,0,
m4idJxSGcC0lhnvR,价格,0,
kgEYWcjOxbNoz4S1,价格,0,
5bldocje2YZPXLQI,价格,0,
8gpBxQOPj2YEW7CH,价格,0,
n5aKxi3ZbAlHyNF4,价格,0,
LbDhIE2q3Fa4efJX,价格,0,
LU9S1nwJeQicBPFH,价格,0,
Lg4DuFNV0jPnextY,价格,0,
iKM0y9SRhw1raBps,价格,0,
ugF1Y9NsOJaBbtS7,价格,0,
vxohAazq27Uj5Dt8,价格,0,
GyS9fbm6AiWaTsXC,价格,0,
G2hHFZ50pPMQksXo,价格,0,
gOHKCLapJowzu8AR,价格,0,
DLJlzgK14pc7GkNq,价格,0,
ZeAFK5tdv6V9ORYJ,价格,0,
RVGhbxrfQcIwlFdL,价格,0,
U79aDc0xoKFMbyhT,价格,0,
72XjGlFSt8QbsKHp,价格,0,
nWp4U7IiXA6PrQmC,价格,0,
OT4cMNr6vXoZKSCn,价格,0,
WQ8e0VLzm1Nck3jt,价格,0,
5jCfSe8z9wo1sU6i,价格,0,
Q8yxEWpPwmJtscbn,价格,0,
Q9lsB8x6FvkDroPV,价格,0,
YPyQjeoxu0N5AaqV,价格,0,
ILV2xjt0r9Ty1f76,价格,0,
kZxn5LJOHMV3yGet,价格,0,
RwfKrGUZibBAMIgq,价格,0,
y3WuIhpVe5qKMsa6,价格,0,
Bq8AxjuoinbzI95L,价格,0,
PBzSy05iMmJe9LWj,价格,0,
m8MyxACkfqj2lQNF,价格,0,
Kx9qJV7Bwcn8DUhp,价格,0,
3xW28YUPNywkseaM,价格,0,
i5MfVSO48chl0u7N,价格,0,
mhJoGpyU2zefLv4x,价格,0,
lctobe5GjuBCxy4p,价格,0,
ehkY7aj6X89xMyr5,价格,0,
BylRVaPbFuH60W8M,价格,0,
aDVYRH7ef086mjsA,价格,0,
8OQC6rfwd4vFhgic,价格,0,
7MtT8ZihRLFqO1bw,价格,0,
0PLuvKeUR7rkHsot,价格,0,
3m21lZW0VHhj8ubL,价格,0,
TymcspvV9EQjfSRw,价格,0,
oHyUi0BYVrSJ6ILs,价格,0,
iQBEyOb6tc38jhvC,价格,0,
yNW7hAIvr2E43fL0,价格,0,
1UZSqnC93b8B2gmt,价格,0,
g0PoIQprMBdbhHmv,价格,0,
VyN6x2SP9EDpfJCz,价格,0,
LTxHPB31aI62JOMX,价格,0,
UfiAyxpkvQdguWY6,价格,0,
CLo6f4RbAyFB3I05,价格,0,
Px5CuDqJOfvEswra,价格,0,
n7dWQKx5ZtS2NLvu,价格,0,
0suojbqVSYImN6d8,价格,0,
RY9SQqt2147cxZsz,价格,0,
gAap9wMyXxSuQc57,价格,0,
qNZsXBg68bamyHQ0,价格,0,
ngzcR7CiS4Db1axN,价格,0,
oGI7QnWD0zJZcBtx,价格,0,
8mYAsyPTbdnLtoEG,价格,0,
Elt20YcRZz5FhuWo,价格,0,
w9d56j8OgnCKvPcL,价格,0,
G8hZaqu15NQ2zsJn,价格,0,
CY8f92BOTH3t5lW6,价格,0,
CXLI764WJbzQhcSZ,价格,0,
enEtRf5B8Ij92uz4,价格,0,
fAhkYX2HCdLWejRb,价格,0,
zGhESjKu9sRvXqo3,价格,0,
4oFy08L1DuhbO2dp,价格,0,
sACTVgxNDPSJwRtj,价格,0,
KMZARaNglYCsJ0jo,价格,0,
DBYMylWrtnzuojCP,价格,0,
O80sCRxGwAri2uNI,价格,0,
rQyPXo39gUnVRIvL,价格,0,
mkCj5cg1rTxzE7Kv,价格,0,
yvrIFQCnOUq03lD4,价格,0,
pL21kTtr8gRxhfWy,价格,0,
mJjQ4GHoElIXfqAU,价格,0,
gS8mMHCB5P1LkEKu,价格,0,
h8Lau6KWxfmIOPj7,价格,0,
6V5S9TmChcoGRbYg,价格,0,
CWdGUzmhA9Y35wPj,价格,0,
YtMgvoicjZsrW1Qh,价格,0,
l6kZj5wsr8R4AKUv,价格,0,
4grifhEPpnxc0WS3,价格,0,
TmBDYCLkqhX68ysv,价格,0,
lQEBMIFYh3W2ZRda,价格,0,
u32zFWTmvhSBALfV,价格,0,
eBAOK0iL9kRTu3X7,价格,0,
wEgZ92N4b6AMOkxS,价格,0,
0Flnd8hRq7C9kLGP,价格,0,
Pm5tHqoJKC2zvsD1,价格,0,
BnVNYmgcslkfGDSe,价格,0,
eaUX9AmLpQBGMIdT,价格,0,
HoA7taEmxsXCILlB,价格,0,
iKvqEVW2zx6cfMPA,价格,0,
Njqb59iEroQOJ0CX,价格,0,
aGZolLsBfVYvHJq6,价格,0,
dbX9HnOZxTk8acjN,价格,0,
Smr5TJxypWblH4Uo,价格,0,
AxXtv6CNauVQ2EYS,价格,0,
saFThguOB6fZHbAw,价格,0,
puBeAcLKxDWRJgCH,价格,0,
ZWw8NQeKMT3fXbJR,价格,0,
0lIuJGehVMFN3YQR,价格,0,
Y5Piob0TJNsqxyIO,价格,0,
HMb4EDrQAZgJy5RW,价格,0,
JYBR31ezsQObFVa0,价格,0,
2HM9K0C3dWPmAXjk,价格,0,
4mupsO9QdHIjAZCx,价格,0,
9SHwLQYjuI5dRtvN,价格,0,
kRxYP9qzbWef47mc,价格,0,
DkSA0nRvwyxrmJzo,价格,0,
K7iEzF8jtpLvc5qH,价格,0,
DYxPBjZendkSpM3b,价格,0,
PZaUybTwCt4jqsnv,价格,0,
BPnjDGbgATUfy6H3,价格,0,
PSY0qdpjryGK9FNm,价格,0,
DFpjJkdehuvLStTE,价格,0,
kz6lDqx7PQcRBoVv,价格,0,
vgAGd6BS4pHa29Rt,价格,0,
nMXptb4eFWO0HJGg,价格,0,
EctJhFjIHKv871dr,价格,0,
KzOcf2gUuVm4oIyh,价格,0,
6pu0SFqDrhfeTEUY,价格,0,
oak4npPgcZBGdeE1,价格,0,
UhAyZtKqOQDXFip9,价格,0,
U8VCky2zHw9neYr3,价格,0,
6yGYa4nW5zcSeARP,价格,0,
n0iGFeumh7wbZfc5,价格,0,
gcvFNLBunQA1rDq6,价格,0,
CS8uaGHjZex7nqLv,价格,0,
s724WXNFcAuDngeJ,价格,0,
h3NL9F6Y8Je1PCE4,价格,0,
ogGOmYu1jtDZQ9aE,价格,0,
JO8tRVkUlmq7MnP0,价格,0,
3AJkt7mQYBeqS8nf,价格,0,
xF860eoBE9tMkgcD,价格,0,
d12qenNXRh4oEWkM,价格,0,
TU8qXLNScFeEGJop,价格,0,
MLdqs6WeHn2BQNS1,价格,0,
Lp10l8mH6BTKExyP,价格,0,
EhvqxVprbJ0KWk3U,价格,0,
91Jqs0gUj6cG5h3V,价格,0,
Q0Eh6Pc19WxsfYIz,价格,0,
AsB7ojNxuFhLXyW9,价格,0,
pT16YmJPVbAU4kQM,价格,0,
o81JW3GwXYbiFfqy,价格,0,
0BvCpAUIK2TVrbl8,价格,0,
1LDt9yAJwhUZK405,价格,0,
W3p7COTRkSzjK56I,价格,0,
9vnib5NlZmXjGRsw,价格,0,
3k8eQMZPvtwiIFHx,价格,0,
bSJW1EvDTLnhU0qO,价格,0,
Cj8LbX4Gs1icVz9P,价格,0,
xpwuMGFyiq06ldaO,价格,0,
WOKSEYap1DMc5iPt,价格,0,
sR5IdcrS47ACxgkf,价格,0,
GO8AHDxYM6FyC2KR,价格,0,
fvme2FaMH4K1AIWG,价格,0,
cC7ZJ9QgyFRduO4w,价格,0,
PfT21Y8IqGeOik6M,价格,0,
qYK5ZvFwyMj9HbxQ,价格,0,
i60D1tkneHlwOWK4,价格,0,
uRJFKHw50MWCgQEj,价格,0,
8RjxP2OmA6FzaNfv,价格,0,
4T3COzh0KP98wnWv,价格,0,
BS6GJonqAjs3i5dD,价格,0,
3ufdvW9n6LpxtUmo,价格,0,
WzG1hoF0sn4YmMNd,价格,0,
Syba49BXGKAj5E2J,价格,0,
XQLp1W6PUGiSueDC,价格,0,
4fi6wDdFSEjBIWQ8,价格,0,
w2djv1uBiVHhNIAQ,价格,0,
pz8P7vGWgAeoUbrc,价格,0,
n9dFxNf8SVY6wIb7,价格,0,
TEJua7ojl5kVQ4px,价格,0,
cxdNAbiwF7ar901z,价格,0,
t7mqEcPgjBi3yMXG,价格,0,
opQNKOJUsPm8fhqF,价格,0,
PqnhGulHWtDrbRFU,价格,0,
QXv8qNuizGcjtOae,价格,0,
AEJ4Rzqk8PL5bFfg,价格,0,
v2oQzqurO6aEdAsh,价格,0,
ibSO4ogXnq0d7Tfw,价格,0,
pDnAP3eMVs1j47Cb,价格,0,
5hlv1GcgFWRDLi8u,价格,0,
Z7ovg4rQWNT5czpl,价格,0,
btQj9E65G4gSrx3m,价格,0,
jaFxOp42fse6RdLK,价格,0,
KgNLqSsR5rW4az0P,价格,0,
H9Eqg04t2xn6CkJT,价格,0,
H8eBXno1LjfbMyPW,价格,0,
FsEWPD6SoKM3rN48,价格,0,
AlF5rQZI2mgRdhGi,价格,0,
H5oIvqrNuGT6gbR9,价格,0,
p2zCmiu4jIScUXew,价格,0,
onsZ8B5X4uVcaU0I,价格,0,
93pxjCQnsPHiXTml,价格,0,
NM3TLgmaheIbqz4W,价格,0,
eRQXz59hG70FxqEJ,价格,0,
cwGbU5WZlaE4mFzC,价格,0,
jSERDcwzuegam0Gi,价格,0,
RL8iomre3TPFyBqa,价格,0,
khWTLVBRobvUn3Ga,价格,0,
S0D8e9tuBdQpaWFM,价格,0,
70s9f5wBXxQyvIeJ,价格,0,
nhK3bVtY2XqfoFvu,价格,0,
N6SOwHa5DWnUL4YV,价格,0,
iSkQ6VBe41l9s3HJ,价格,0,
vEjHlxB509aiUh1L,价格,0,
JzQNiRH9sdM70n6F,价格,0,
p5diMJHQ2AchUxVF,价格,0,
Gczub7DEkxp4VRhN,价格,0,
Ziu2rQTNe3YUJD6v,价格,0,
LN1rgVTHliQMzw4S,价格,0,
jZTniaUmkgNuroEL,价格,0,
WlpdjUxNifwH39Qv,价格,0,
UMN9f4gjq5VCme6B,价格,0,
M9maZYhelO08UcP7,价格,0,
mv45lRIHiagoZPuz,价格,0,
50URtN4rqHjKGT7p,价格,0,
td0peuT5361WJCy7,价格,0,
ifU6TJRIqQ83MBm1,价格,0,
1hTnwObE6Pv4ilI2,价格,0,
sWdoqgak2prV5Xfj,价格,0,
sTEj9duGX2zAqIr8,价格,0,
k3dnRXbhuqiMje8D,价格,0,
OiM0P8nZ6Hk7ECLR,价格,0,
5r40CE1jGfLliA7k,价格,0,
nbtiQjg5371Df8Fe,价格,0,
RAhPKc3w7zYvTkoD,价格,0,
zxho9ZN1fG736tIX,价格,0,
sY8baihTfECGcK4q,价格,0,
puszkRaoPD9hf7g2,价格,0,
PQRy47eBIkvXzLmH,价格,0,
KPlyLQFwz5RshMjf,价格,0,
lDMaYEJdVBKTu2zy,价格,0,
TSU6zwZnRQ4cuqLB,价格,0,
9TWx532X4h7wjiDy,价格,0,
6jm8uWBCpZwo5RFI,价格,0,
4tWrTOAjecVDyFYl,价格,0,
XK9dD5vynI4oGskJ,价格,0,
qscgnZPK4FGwLV38,价格,0,
tgmdp7VPTv2qicoK,价格,0,
DoV8dMqFstKXEUwh,价格,0,
GTx9wel45ru2LZoS,价格,0,
uAzN7fjJWyQq6KXD,价格,0,
2ZCfsbon6041kpPF,价格,0,
HgApRX8nqjJlEO0K,价格,0,
H83bKrlde7D2pNLF,价格,0,
k5A2oECXbvlxpWF1,价格,0,
EsFeCWZ4pAYLjkOD,价格,0,
mUHbaghwpnzBtME9,价格,0,
8SjFg2purME4Jx0A,价格,0,
e0kYOc5iPx9mR3jv,价格,0,
HALEWZPmhvTzKjr8,价格,0,
2Hp9McN70xnzy8qJ,价格,0,
mWbG5Zc1zwy6KtjV,价格,0,
AEYbGMtnhrJ76sUd,价格,0,
T4Y9Apfq2BesIGlc,价格,0,
1hM4eqwczXF6buG2,价格,0,
wtoBu6QpKzlO8maL,价格,0,
GRXzZQMwAeJu7COd,价格,0,
bKsdJG5Bu4QFfAEL,价格,0,
TIMa6yKYE8fePg17,价格,0,
UIC3PqTcutWdFNVQ,价格,0,
39GHL0vs8hg2bpl1,价格,0,
Jmb32XBrZgTNhi60,价格,0,
es0ZgKMEINc3vajU,价格,0,
wrLa3dy1MTJAUbIj,价格,0,
jGglFPieTJX97Uxb,价格,0,
k8G4vxE5maWVOiMB,价格,0,
XdMQbHDq7Vs3n0IG,价格,0,
QZHrOlg7P4Xdy2Y3,价格,0,
u0K4toPXbnlJTcmL,价格,0,
uzfj7oHsXO2nmUxC,价格,0,
JOBqrRszQ5LFT72X,价格,0,
pURWwJXEY9boHvLq,价格,0,
jyTlYHMnAKc4EROF,价格,0,
HRLxcVG8YaWArDqd,价格,0,
rCUqz3A0k5PK8bEV,价格,0,
beH79mYF60rqQwKW,价格,0,
ay6bwYNud4KBVJXg,价格,0,
amIEoWFrYfbsRyOq,价格,0,
CKWDlRyrYdQq2iBH,价格,0,
YxvTf4hr1odFwyM7,价格,0,
VYRCeOz63ky4UhFP,价格,0,
5gRpXMthv6sO9lme,价格,0,
mCcU9XgIHYWsL4qJ,价格,0,
xZvGCk0LXS2ITgHe,价格,0,
G3gFzhjsWm8xqHTV,价格,0,
SoiD43pfynQPmJ7V,价格,0,
2b6R1V7kQS8UMxY3,价格,0,
EnKrOoixv9Bq0b5Y,价格,0,
V52Ubc3yioDXqkQ9,价格,0,
DhQW8jsTpyqw06o5,价格,0,
krc0zWjpYaKuOIUT,价格,0,
WMfT8mP6bRpHnhqr,价格,0,
TlQ3NGwt1ZzSO9B7,价格,0,
CFpJR65ev0MizD8X,价格,0,
EVG6bXaQxSCN1Ake,价格,0,
ZYL14a2ypDcoB8T5,价格,0,
NO8VzjCTMpQ3Hcul,价格,0,
VL6jHoQ8ZpyIP0tn,价格,0,
cCgJT7PV3mbx21h9,价格,0,
V9JNZ0vxUCWDsfrY,价格,0,
sNtAReLBfbXuTcyH,价格,0,
FRkSi7Mad9B4He35,价格,0,
SuaPyk6KrBWiLl8I,价格,0,
3IULXkViPBDKYjvw,价格,0,
MDFGsd5R09vbPLht,价格,0,
bMUeh2VjrukxmNAD,价格,0,
24imyrkH9Bcu067W,价格,0,
QeLJ6w9EB78bulcj,价格,0,
8g9n4vVqZQ6JSP5x,价格,0,
jF2o1uBciOaKARx6,价格,0,
dL1EZgfl4RjkeKUh,价格,0,
2VWOd6lnSviTrQY0,价格,0,
l78SQPcmBT9DtqNj,价格,0,
YGIRkO0Zh4NtVnmF,价格,0,
V1NSF709AmjTRPhe,价格,0,
yBOG7JzfwRZxHVUo,价格,0,
1VkicdAOjC6rPqXW,价格,0,
zJjMAVQLrfeUms3Y,价格,0,
3hctzfuMi9F0r17m,价格,0,
A34yvHZGOCmtczpf,价格,0,
CkjQS5YZNHvFAXzt,价格,0,
5hscw7oaqFm3iCBx,价格,0,
SUV7QinvDBPmL5OC,价格,0,
pGEBk04J1dcLUThW,价格,0,
NvOgzwa9XLkhEZfj,价格,0,
v01eRdCPMnOKw8ty,价格,0,
kO0yL4m76xbZ8IUE,价格,0,
VjDzCfoU89EvMbdR,价格,0,
tyDsn2CHM0WJzwpX,价格,0,
64eN5ZExUkXqpPa3,价格,0,
6e2J5pdRaqDWvSgE,价格,0,
wHYay9uoQIO25Rht,价格,0,
uGTir0Q8SBej1wAN,价格,0,
xGaLW1hdRjQFKXcN,价格,0,
JEpFPS0tBo5O8hxu,价格,0,
AGjnT4Dd8bOokZz2,价格,0,
dXbirf1CuyFszlKO,价格,0,
nBZzr916y0SKtCPe,价格,0,
SnXce3GqCQd6tfFb,价格,0,
wWxseS1cGTg2DhHK,价格,0,
reyUlXwx6YZHf2Nc,价格,0,
um2A5EVOerPf1ZKS,价格,0,
Aa73jxLqprzgl5VT,价格,0,
7KRGZL60qn39dMXN,价格,0,
Jy2MjFViEeBdm4St,价格,0,
QY9l3vw28UtiBCs1,价格,0,
ho6QNZl0uXev3C9q,价格,0,
0ZcJSahWkL3TmIzN,价格,0,
CM0TrDvozKejJ19X,价格,0,
hTSecn4GNgLbAKHM,价格,0,
3IxjdMX1y4NOf6Dn,价格,0,
L4xNKFochkw71QBZ,价格,0,
fkqNdWp61ien39JX,价格,0,
7Gb4jFNMRYgvLlDu,价格,0,
0HR9mNhn3dzgXr1F,价格,0,
3oqNdjLtr6HBxkKD,价格,0,
uUpHiy5kTCXr76fq,价格,0,
sDLvXxwqMJf5jgTc,价格,0,
lhu7cmGoMekHqBaz,价格,0,
uWgbGATV0jOoarDw,价格,0,
rf7MZgcWesEv6SuX,价格,0,
jEpFZwbyDHo9tXkn,价格,0,
Y4E9pN1kznPewcUO,价格,0,
H7l3YEvyKQaIh6r8,价格,0,
389Drm5jzBFvIZ2i,价格,0,
JOnA6lRuWev9gcUC,价格,0,
JK1uU6QgvX7FPmeC,价格,0,
bagL1329tZij0Pme,价格,0,
bXUKus15n8SeEHRt,价格,0,
EFY6DBolxfH7Cj2b,价格,0,
FGRbjwZTUlkg86pQ,价格,0,
jlxnYgNMRSEbQ47I,价格,0,
Pzcjy48JxafdKIAV,价格,0,
hxR9gUEeVuBHcPTk,价格,0,
rN1gsRZq98mTL2ow,价格,0,
6vnwrqt9EU048AJD,价格,0,
YiOzfUcV1sy6KxIE,价格,0,
bkn08zQsyqtxGpL4,价格,0,
Qw3Icen09U2i4ahS,价格,0,
X6sGr4hBNU8awZ0H,价格,0,
ZUCOEHAd1ga7LFxk,价格,0,
ywJhqCI501xpn8Tu,价格,0,
yoH41Gi9Y7RXmJwK,价格,0,
QptxJrH7qsfiEodS,价格,0,
rGgeAiF6dkhOynmp,价格,0,
USo8k1D2Zwh56vVB,价格,0,
Ec0zbuRis9NHpyIQ,价格,0,
ICnk96qfHQtTULAc,价格,0,
Ps6hZcIAX1fFYlCv,价格,0,
zyCSDkJLrhWE8KXR,价格,0,
UyhqNBf53jE89orR,价格,0,
tvTr6MNcyhmkuRAX,价格,0,
mCtk2EcWaBZRTzG4,价格,0,
oQ49SFW7I0LybuqU,价格,0,
O732ncCsp8Rr69oF,价格,0,
fxyncAKhsDum2Oob,价格,0,
gWMql7QIZcVFX6y0,价格,0,
jWgdAn4QIHRk2uUs,价格,0,
AB4sGnS3vVEq8Dxb,价格,0,
6wxXOpZHJ9CNtdeT,价格,0,
fMt9sXq4pGHT81CS,价格,0,
cdqKw9jfWgvQ8NEm,价格,0,
Pm0r2h5HI76nXvos,价格,0,
YLIEz3wdkUNMa0HJ,价格,0,
3bhVfsTD75wFKXCn,价格,0,
raYDzok54yMZCOSW,价格,0,
cL9T6irqHNDsZfPe,价格,0,
qfdGDCZ3PeKxNwpn,价格,0,
p4kMIBeaTxqrHFCS,价格,0,
X8wU7Mr5kBcSDxJh,价格,0,
AohYceIpjN7wJ2zg,价格,0,
78vjfAny6s9aIKmO,价格,0,
O6ECF9ct4iuMlDJ2,价格,0,
1HKS4tw3Z7r5Mjbd,价格,0,
bqlw4Hz1UL05MRC7,价格,0,
lu5Ji2sjwNgHOBcV,价格,0,
5kwbXrfVS62FnKDh,价格,0,
EtMWgPap8VOK0ydJ,价格,0,
sghfQnLUcSOu4DFJ,价格,0,
yLlrQXn5hta4bG76,价格,0,
LFeDWjKa7HBM4sS2,价格,0,
atzMAVxk9SmRh1N0,价格,0,
dRpfDLrSM0sYWvIB,价格,0,
NbFEO2GfgL1dJcQM,价格,0,
e0v8JDt3jqNnIVUK,价格,0,
ioUIrmX7F4V9bClB,价格,0,
jaOzYwbXlD4sMEfe,价格,0,
WPIkOoDsAQl7hiTN,价格,0,
VhlJyLza5ERfxDnZ,价格,0,
52jEpMRoDNvPHwSb,价格,0,
goW6bEX5lPTeBjRt,价格,0,
dBKTF3eiMoyUELhb,价格,0,
dMtgGohl5s3VZHqC,价格,0,
pL13OljJzXMRiGmZ,价格,0,
1KRVcuea2SYEsynd,价格,0,
AcT47a1YvjXbyodn,价格,0,
01kgxZUTtfODp2hr,价格,0,
PxLWHR4po8D1T6A3,价格,0,
237pFikwragGBfnt,价格,0,
Gjc1XHOVlKFe6ItU,价格,0,
atLdKR0lSyEH9sMg,价格,0,
Lw9O210Qyh5Uut73,价格,0,
8NnaMkJhHyALDcPZ,价格,0,
ODvT15rVzUQGtxWS,价格,0,
szJOWrFC4H97uDUo,价格,0,
gzGyHmUJQuaEfNhM,价格,0,
SVaOfb1hoyPzv7Lq,价格,0,
8Y35jtbpHAeThg70,价格,0,
KfFAPD6TohrVGUSs,价格,0,
rQWPNRL1mwxsF7li,价格,0,
wnyujq8gV62lDU5Z,价格,0,
AHrjUh6xkJ7dRcLW,价格,0,
Oa4sklUTNDmcpbQw,价格,0,
uPwVh0CZYoTeGnbD,价格,0,
sP2Ax8OS9bgIafqE,价格,0,
Oey5EIJUc4PQa36m,价格,0,
eTKhpqbosaRn5jLZ,价格,0,
R52zpKF3CkvcYhL8,价格,0,
eNou2KY4lv1CBD8n,价格,0,
4Nx9kchmQwlHE3YI,价格,0,
K3Aby8kS6urpQRYa,价格,0,
jRIDftoT6FSWVA4Z,价格,0,
TFtAxJUkB9RpYbaZ,价格,0,
QKtFkz9vn68ErxUm,价格,0,
Gbc8jJ3iENw7kISz,价格,0,
UXA1P7V5bJhiG9tx,价格,0,
LoZ6kfgdemxuANYI,价格,0,
ODQsAT5ieyg9JNSG,价格,0,
UJ0uFwKlp9qf8zW6,价格,0,
cydDMeo04TnBG92s,价格,0,
BaEdk14fSL96ZTtN,价格,0,
FfcOkjr9XwMlZvIW,价格,0,
6Zw3Q5dDmTPYzrp0,价格,0,
VZsxWz1fbk6DLFXO,价格,0,
xwpBL2Rf89F6qO0u,价格,0,
bMpL97f6tirSwcxO,价格,0,
r0XIUAqlz9aQcvYB,价格,0,
Cy0ZOxkKhMoETNqS,价格,0,
TROFwzH24CuexUZd,价格,0,
Pm7De1R2OuIa0AGB,价格,0,
6p1Gd4CbI5MALmxq,价格,0,
xr9naXZ6QuegToj1,价格,0,
1SK5FhgGrNiCPsYV,价格,0,
voGhsAS2uf8jCpWw,价格,0,
OeLFcmtvT4GaQYZV,价格,0,
LaYhq2ci6EbpOzXd,价格,0,
q0bRKPpSCtEGhmga,价格,0,
3HdWEaZ04DPAhLfk,价格,0,
zf81NdHe4J0GWY95,价格,0,
6TLua3NxbHo5Rsj7,价格,0,
pjynGY1xS8M6JhdQ,价格,0,
f7uH1xAdhCX93L62,价格,0,
wU1ipRTWtdl8bhYn,价格,0,
9KQ7RiT8vdOeroHb,价格,0,
KBDSkAULJQ6v4WVT,价格,0,
8E6B9V4pZ5jtXInA,价格,0,
2Mg3CxG1vhfWHAVk,价格,0,
Xt6faCsrjGKRExku,价格,0,
Ff5Bh7nHMvISAoqg,价格,0,
hFuqAespIJt0MKfP,价格,0,
shaB5qOUiVct1Jxf,价格,0,
cduP0IO6QzeqXbg7,价格,0,
TNP8GkgvxcYJ51dS,价格,0,
s1bqrGugAkB06xZj,价格,0,
WUMfjXzKCtP4F3qg,价格,0,
9trKxFco3S5iBeka,价格,0,
IPMSkDGKeciJZmTf,价格,0,
dHTaEWKxyYoBc5sU,价格,0,
AMlzYOEDGNWr4tUI,价格,0,
pQLoOrdDjFENC5IP,价格,0,
1rnyWNaQlKjGgpHs,价格,0,
Jy1LwbjqZgxI7AvY,价格,0,
lcHAXhtYT96diyCg,价格,0,
3Td6ia7n5BNLqjxh,价格,0,
8T4wfUGLgxm20WZp,价格,0,
6Zf9kPLzJDMnxaA1,价格,0,
3NQxUShkd8iuRemf,价格,0,
amI52NUMlDGfjZse,价格,0,
5lWHK0DEnU7g8S1C,价格,0,
3ePOA5JHayrbDik8,价格,0,
1UFKiJnMPgWyGpHc,价格,0,
fV6y2A1na5iSImbp,价格,0,
cjeL2RdTgBrzXisv,价格,0,
4C1iftvQzxIA29g6,价格,0,
D8PrMauq3jmVIpO0,价格,0,
yv10mXsOb8okPVHz,价格,0,
4ft3dcD51ujCWYrR,价格,0,
u0PmnoGdzNIRy4Q7,价格,0,
GRlhBtC0dvqozcDr,价格,0,
1IS5ErKoGiW4Jjls,价格,0,
2xquOsEThjWnBbNR,价格,0,
yT5KQ81OwgWksu9o,价格,0,
GjcNvgzmyAlk0CtU,价格,0,
enGqUjh94tM7gNRY,价格,0,
l70jQ4sAmbVhSCE6,价格,0,
nrV4zqh6A83S7IaL,价格,0,
S5LM9Xt78HWUwjvz,价格,0,
qE5DawnupNgsJvHh,价格,0,
Qe4htWX3MpbTo59f,价格,0,
J5DLaj2MlofUKtkT,价格,0,
Gx5zIE8tOnUfiCYy,价格,0,
THFr9R5wPhEgeLus,价格,0,
7PYVKRsj3Ftm0Wop,价格,0,
ZwWhIekUOgL2TaVf,价格,0,
lwz4A0aUcGDJVOxX,价格,0,
B7zneJI3pla8kQGD,价格,0,
Vhk03O6jgnm4v78M,价格,0,
fjNK5psFJVzrPbgE,价格,0,
ZGnLHOQMUmTYfusI,价格,0,
2hqQiRpTBVmNdtEo,价格,0,
j7v1Qtbl8G32gNZn,价格,0,
OUIc9F38ut6MoGex,价格,0,
SZDd2UfnJ8lOxLTF,价格,0,
eC5MH8XYjSpUITo9,价格,0,
1NxrRQWBTJFw7A2d,价格,0,
h1rBlfXKxHVO0Nzu,价格,0,
LI0lSFPZDOzrqnyj,价格,0,
XGRehAmp9QSzZCNL,价格,0,
54BO8AXVfUluaEn6,价格,0,
HZ1BLnSGKDtxcRP9,价格,0,
LdQKwOs6hTbY9gfM,价格,0,
MxZWDrcfogmARhjL,价格,0,
YNVm4FeIfWKG3rds,价格,0,
vcEKDR05dHhqlFBI,价格,0,
oi3egvK85kdCLym4,价格,0,
n8gkp6OeAKf4zrwR,价格,0,
bx87EnuPHgq0Vy6e,价格,0,
3WVqgl5iaRbOdHe2,价格,0,
Yg1qG7649sKiVh0T,价格,0,
OMS3NeFwL8JB6onb,价格,0,
Q0fVx2qNWLe916Pz,价格,0,
sqNWBIYSTVR0zob9,价格,0,
dHbmaZcxAgpnwETN,价格,0,
WanjgfvIscPoUqGY,价格,0,
HpW5LyeUK6rNX4g7,价格,0,
7QOtG1MD6z0skcNb,价格,0,
fSR1A9e6jH3UMFI8,价格,0,
7A2ze9YabMCc5svr,价格,0,
pLSxhPtQ4OmTDg95,价格,0,
nNpYZdeQERiutcD6,价格,0,
3MjvJUXBzegF45KT,价格,0,
875xyDbzPHFleEBQ,价格,0,
wm62yPbD8engtuGI,价格,0,
AF0Izd3Ecfgkujy9,价格,0,
94epsj1buvW2lBIf,价格,0,
IcgXbKotPaAMZ2Ck,价格,0,
c95QCaf3XKtn04VE,价格,0,
OLTDzsIkWUeYKHX3,价格,0,
C98YtdkE4OLTDgea,价格,0,
2gO7dWM6rD9SHvEY,价格,0,
caVRpZDW6Qdr2gk5,价格,0,
ByeJn8m2blqVKiD6,价格,0,
ZRSP1JekE783vNiw,价格,0,
OU0Ha56DoCJiqEjs,价格,0,
dM3i6seOI4ckbZtg,价格,0,
I27CTamYDZ5oyX9B,价格,0,
jzTRF17bABPMOXZp,价格,0,
sLJc1tXdGQUeVhEf,价格,0,
wxzmSrR20gA5kdQa,价格,0,
P3DW07uNKaj8sCRr,价格,0,
PykO9QsJFYtmMGvU,价格,0,
uDpUIL5BkgFoGZQE,价格,0,
vlCphH36ucoXYAqw,价格,0,
yoUEBOQszJW0KA5G,价格,0,
bTs4yzovnrFhX1NV,价格,0,
wnWRdqCphJz6P7U2,价格,0,
Z8IsoVLB3CEetMUF,价格,0,
RpeP4w7J8AOxdzIi,价格,0,
Cme1yAS3oLdfiRBK,价格,0,
q4webEMXRSyDN5Qf,价格,0,
HM38kdhUSjEPwp0u,价格,0,
hNiGFEPdTZJoKOqf,价格,0,
aHU0O9YCLly8cPvR,价格,0,
ueY7R2gFVMB9bWvL,价格,0,
mreCtuKXFwYsi0z6,价格,0,
n2TZNWRdfSCilqLh,价格,0,
KTdD7U8JiFE26GLb,价格,0,
qBLiW1NTHk9KguQF,价格,0,
t13HaBqTUZF7Yeju,价格,0,
atYuVC4do9Z3EQ2X,价格,0,
MFa29rps6jzg0IbC,价格,0,
Qgls9k6yBHWYoPxR,价格,0,
edOCKSsoXJyw5TLY,价格,0,
gDHSRqoWn0m3A69d,价格,0,
hf5PnKEcrJtUYRXu,价格,0,
IdTQ1FwiJhUtxE02,价格,0,
jaihGf4Qxl9qdNry,价格,0,
ciFVdL85Xfv0wEaN,价格,0,
5SMgPUyoustRpH1C,价格,0,
k9CaQPBrpeX8bjSG,价格,0,
XPjnqk8VFzthwuU7,价格,0,
bCx8wV5SpZDlK3Py,价格,0,
dHbRIfBklWh951Dx,价格,0,
WmOC83jat54SvqiP,价格,0,
QWdyBLA8uHGURn6h,价格,0,
FK9f0la3xHeTbqws,价格,0,
isSJMTg0FcyKpOQH,价格,0,
PzDH9W2SLkI06jXn,价格,0,
CypflrRX3gzLH1S5,价格,0,
CbRdc5SULZMa0ENu,价格,0,
jw6r9o5lKR0qmnYO,价格,0,
Tw9nMdNusAitK6LD,价格,0,
mkL5BqDI0K72WYip,价格,0,
Hl6OX4keyCiI59ca,价格,0,
vNr9ZPWB7CUtenfi,价格,0,
xewG7SsfbB4tackJ,价格,0,
wypVfJ1g7KBFbHqR,价格,0,
wl56peWJEFKrPxzA,价格,0,
NTSwHW7RQV1bUA3m,价格,0,
3D8VpF9nbjTK4NsB,价格,0,
QcPDjLbxHWvCmVBS,价格,0,
uSEYLOmivbVUT1dM,价格,0,
htRUXO3cHxBkdaMw,价格,0,
gwtnIS4qfW9iRvNo,价格,0,
dtcU9gDBOFwMKy1j,价格,0,
aHtQSMkbuWIo3ZKU,价格,0,
vbUMhGZKA6Jzn2DN,价格,0,
bsSwZUhKyEC2zpav,价格,0,
Ky2H3WgfdaIwrSAt,价格,0,
iUutpQeFw6vzMsD2,价格,0,
jLb8qX5xeQ4S1iKU,价格,0,
6HxLhDasVpPgMm8K,价格,0,
Z2GfSdoxeOt5LNuR,价格,0,
IMofFWZihwPx4YdR,价格,0,
xehQGn9UXiu7Z28I,价格,0,
546EUdlygJWfBtXa,价格,0,
IxGULQg6vNziM9uB,价格,0,
Avuyps28QEtHM73w,价格,0,
MrTgjwkBWDmh7loK,价格,0,
JWOxwhLq7lpQv1eI,价格,0,
hXQT2Nq5Hd7epoxZ,价格,0,
Cv9S02asNYldJ8hH,价格,0,
HIntVvrux5ZkibOE,价格,0,
qoLHFgKsdu52hBp0,价格,0,
sjK5uV0zPwJMld2X,价格,0,
lJd6v0EGxVkmNbU8,价格,0,
sN0Od9C6iDhzPrQq,价格,0,
wiNfok6vXFL1tWDV,价格,0,
kRG2wfTBMprINaF6,价格,0,
s4KEk3XfTJSz0y18,价格,0,
IFLmEta54AiujdUO,价格,0,
4TxVo6Op8kXv3mHR,价格,0,
lpF1QBJRqNorkeVh,价格,0,
eVw2EoqQzPafcni0,价格,0,
uSCy8iTz742tkdrh,价格,0,
AMDg8X4KiknTopE6,价格,0,
Mj2skhg31YLtnazp,价格,0,
nhmcCF2Pl1GRyHiK,价格,0,
3e4RCs9lGvLokq0I,价格,0,
ROMK65g8HGQweWDq,价格,0,
P7zwjrpgGSFiDA4M,价格,0,
PTZrVmatjOJLeWxv,价格,0,
kpnCZaAhWuOymsRD,价格,0,
1BvD8xQqpmouKl2w,价格,0,
HsRBODZpbreXM1nP,价格,0,
X1M2nsA0Gy8IjKmx,价格,0,
ZVi7njCYN1403Kw6,价格,0,
rl8tJSg09y5dVI7p,价格,0,
QdaZJwOXbmkocY5v,价格,0,
dXf2rtkJHZPY0O6z,价格,0,
iGtjK9Ye0QPDkJRa,价格,0,
xMjehF1dANLv3oPf,价格,0,
imvjh6fsbZ1B8tDk,价格,0,
ZPylWN6mJtq73xER,价格,0,
k6KDiRX7ZNSMT5cq,价格,0,
ZeHdSwvXkxMUFBsl,价格,0,
aKEvnRIi9sjpV5OF,价格,0,
oGV6CWJsQM3XLacw,价格,0,
GtXULc9wDHPn03Wv,价格,0,
CKGlT36QPrIi1Vgm,价格,0,
bOrtawLljMfyNK37,价格,0,
8NX1aUQcJb7w4nHf,价格,0,
1fvPaU68LRyBGIjE,价格,0,
PidjOceCYJhm0Tpv,价格,0,
2eRJECFPTcoNtvBr,价格,0,
8XTxs5km0RqZVDcf,价格,0,
Yrqzo4aXitwTx7A8,价格,0,
nYjsiOvqFL2uydmf,价格,0,
c4yJrMVACb6iH2t9,价格,0,
S4iz3DlsT7gZ6Ooq,价格,0,
eCudFcjE3NyVaYtz,价格,0,
TCtMvskX4U53FR6n,价格,0,
zKdkoRw4fSJT865W,价格,0,
4RpKoDmk1wrHYGIM,价格,0,
CHn3flFZqRN2J0DY,价格,0,
RduLxnEZ5Hp6rhU3,价格,0,
o591G4LvY3uODzCZ,价格,0,
ZwDJI2ExNGAMqT6a,价格,0,
cYOzKSreBUWy8ZCp,价格,0,
eLaUK1R3dhMSW8cp,价格,0,
eDxluSgqH0ch9YiO,价格,0,
Ofw0eQbLz5W69aXT,价格,0,
X7Dmi6pBvyNF5bjH,价格,0,
Bhko5WI62HVJGm7C,价格,0,
DlyhrFJX45Wq16aE,价格,0,
Ns9dpHqrizVLSA68,价格,0,
gkO9FGQhnDH3iUKB,价格,0,
XjLzFYus5S6icta1,价格,0,
V84a0xwl6KoqWBSH,价格,0,
Phcq0nFXD3Y21b7d,价格,0,
3ya5ghm4wi9xcjTe,价格,0,
rRKxz0l5Jqo42GF7,价格,0,
Gid8zRPEolk6q5FO,价格,0,
lxkDKHi3veIRThdf,价格,0,
GuPbV6ogwZMNXyLr,价格,0,
c3Cb5atuQJnVgEKL,价格,0,
pmNyoGrdC1KhVlIA,价格,0,
t4YZpKuxUPTziljS,价格,0,
j7FmnNEyAGBHTu51,价格,0,
DKLwgMTHfV8xRj4S,价格,0,
6AzsD3lBJFKg0tqL,价格,0,
lUEiy21aFHVdfK8M,价格,0,
4zBtJOUsglWbkduc,价格,0,
4MJFjzA0lOP7WLQr,价格,0,
CMyhi0xvJV97RXZY,价格,0,
FmEnshzT3UoO9tpc,价格,0,
e6dLZW1CuoayNDIF,价格,0,
O1KpuZhFacmY8AXk,价格,0,
A3shCv62UTeX7Vyu,价格,0,
AYI8t95ykOVvom7P,价格,0,
hTEY0JfISa3i8Qwr,价格,0,
UFSVZrG1ldup8ytc,价格,0,
uOF5eWQHCSIb0lnX,价格,0,
wbtMuQ4noYlU2gSW,价格,0,
wkjKsHS6l84xU7cZ,价格,0,
vdFBH1tAlp6nYheT,价格,0,
kcIlN4O5yfJvtuGa,价格,0,
1zkIPQn47Hm2gL3O,价格,0,
2w1orQ7IHc9piAuV,价格,0,
jS0ZFgm9GuXeN1QV,价格,0,
rJbkSWvNsAdq5uY0,价格,0,
GVJanbkKzhwZBXMq,价格,0,
KNsicY6maflyA2dW,价格,0,
Vi7jog3FR9nLsxJc,价格,0,
iJDBmlQzdhKw7jYg,价格,0,
lYMn2whJSZmqksj3,价格,0,
bemz6FHr47lLEXqt,价格,0,
avVmnotfUrzwJMGT,价格,0,
LjrFIVgQ5TDaWwd8,价格,0,
TNyLjrCVD3vkpbZi,价格,0,
aI6hN1ovMDLJGBti,价格,0,
HcTv3d5k1a2plO6W,价格,0,
hz5flpCykL9qiSB8,价格,0,
pd5YZ8zr3TGD0BKl,价格,0,
cfEFLe80SjMrAmKT,价格,0,
AXEGeoVOpmZTDnyj,价格,0,
BaQFJU6Njo35PWzs,价格,0,
9LUOpIQHgYDm8FJw,价格,0,
s8ABFWKpRvLImVib,价格,0,
eCRVcP7qzTEwsY6m,价格,0,
ZXzQi6UeEIGamhCY,价格,0,
o2uk5zlOitwBFyYP,价格,0,
5GBLPV2kyCApzocS,价格,0,
mwgrVdS0lceuPjH1,价格,0,
PLCZmuQ4GRUqAlz5,价格,0,
xPCJYDniI6RMH9NA,价格,0,
KPM8W6gr9zYblAHZ,价格,0,
4vHOx2oj7cmynaG1,价格,0,
bDNSy4zjGYL7X8wI,价格,0,
rpxlgy8Fkm0ReJqv,价格,0,
dysLaH7rFpxUNwTG,价格,0,
ACzuk3oYFdBW1iRr,价格,0,
8Lg4uaXWwNHTnUhb,价格,0,
Asu64fxX7ydmaWQ9,价格,0,
Id8iAazTDpMGOv49,价格,0,
wBmEAOR0YjlgkWtT,价格,0,
jE6k7BXpZLNWl1hQ,价格,0,
0BCubTaSJ4V7jGAd,价格,0,
23VdWzG4iAgYZtSR,价格,0,
1TpwYUG4nbQxhfKk,价格,0,
KuUYrzfIatBJyOXp,价格,0,
CJ5Y9Waw0RIPmvUK,价格,0,
dloSVE124GTviNPL,价格,0,
Oeb0NAwXUjsxJDqH,价格,0,
7U9GMh8rypb4zvsO,价格,0,
DnymwrO7Ga1Qbdth,价格,0,
nIMGCSAzfe25WDRm,价格,0,
IOyEuQK7rgVZAzbi,价格,0,
Wt6bxF4HqgRUzMTZ,价格,0,
6mRUdJ7Y1erPAtS8,价格,0,
3HqNa5tQLnDRroW6,价格,0,
grwNKCJtsY0A6DVG,价格,0,
yrAnx9mfHYN0OT6g,价格,0,
zfu0NKtCVvXrDeUi,价格,0,
HrxIikTQemGdJKAL,价格,0,
a8ZDevQHbqX2JiSu,价格,0,
6mJSlntYXB28sq9u,价格,0,
icEsPJWUnRS01luo,价格,0,
gXnx20VphC5mAUb1,价格,0,
RaybZnkleEsQvUwC,价格,0,
IBzXueCTjWPyiwb9,价格,0,
EBh3kYb5eanuLqw7,价格,0,
MzQ8whRmWyp0kceZ,价格,0,
BmPrwYuL8QVetZjc,价格,0,
lwWxuiMO3yPoH1UJ,价格,0,
nfOq51SzPjtCZKvQ,价格,0,
yI79ofOCdiAenwrz,价格,0,
eyXNfkKiglxR6btY,价格,0,
Z1quzevkUXF9JplK,价格,0,
fdIJSbNeVpoT86PO,价格,0,
V5NCqp1jbLtr94BT,价格,0,
IftQwD8UO3Cs62jK,价格,0,
WsSnOLBp2wqvmxoy,价格,0,
6wAv17L0UaybuNfn,价格,0,
mF4PUT1vKM8gIAsi,价格,0,
CnUEJv94VzMiHjXy,价格,0,
RzW5GLurQx0imA2N,价格,0,
crjYmfA4kWhaQnMP,价格,0,
KMvqAsNXDfUicykQ,价格,0,
XFC1h4tuAMQH9pyN,价格,0,
foxsAMS3TVwvdiPh,价格,0,
JgQA0eZw9zKuySkh,价格,0,
wmbdEs1giGzMeoXR,价格,0,
0hcGSNLWQne3kuqE,价格,0,
blzhHtvQLcxIyfod,价格,0,
8T2Z9F6LexqXrIdQ,价格,0,
PaAuNd5lobeqXpOh,价格,0,
hNsmB8zE1nyaVodp,价格,0,
uKylUE0qMehdS4jZ,价格,0,
bDqpuTMz2oiR1kvS,价格,0,
DuofMgjiE0UvP9Gh,价格,0,
zLPXAiHmDMWnrO0c,价格,0,
UJeQBwqGfKhWTScr,价格,0,
1ku5LiXyCl8rcbSm,价格,0,
CXxDunpZgH7N0KyF,价格,0,
BaG7VWPc8mUQ4d53,价格,0,
FYVHuUQ3Llb2Odtk,价格,0,
NHYkCVopElwTO4SL,价格,0,
b2NSpzV4tH0qkZFg,价格,0,
Hv6EBj8tTAZphROb,价格,0,
jN3kMlzEJiRSm6Tr,价格,0,
uhpTbDHGwLadQ7nS,价格,0,
RnIMpei7agYdKjXs,价格,0,
OG8z3WDXMeFRfYnr,价格,0,
miG4ZxRoQSlg6KJd,价格,0,
uIoTZxQ2fv5AsjUF,价格,0,
bQIGj73D4BXPpCdy,价格,0,
kQKoDcN2pVsHnRvX,价格,0,
PZgilYx2KRnehqOk,价格,0,
6cLXpr1xS2AKefTv,价格,0,
rTEKoLtW9vp3qVNM,价格,0,
ycZd3HgBt5wpGjkK,价格,0,
OiMa4ugEcIYNsZ3Q,价格,0,
j1rPTY3NROwnxFaf,价格,0,
4Zci7QKdEwlLutJV,价格,0,
TmrwlJsu8A9zybGV,价格,0,
ZidVDX9wnLjWEJGq,价格,0,
A2l9McPr6ITYBNsa,价格,0,
j2Qx1P8a5wbULihs,价格,0,
hIGorWwQTapkS5n6,价格,0,
oFl5e7rT9mLqMPnu,价格,0,
I1NHXDm8dzvtkfs0,价格,0,
K7ci4kEpZ01axWBY,价格,0,
7PmnvLBwJSoUxf0G,价格,0,
UefN5RLZ1pqguoEj,价格,0,
ReGAf51HQagx8Zmi,价格,0,
XEQvpHbD7Z6kPVyA,价格,0,
OJDLu0ziXPNRT6df,价格,0,
foTKrM9SHGp7nuE0,价格,0,
SelgL0QrPayBZ18K,价格,0,
R8cyfI10m3Xi9tgM,价格,0,
FDkmPVcfhGbToNuX,价格,0,
bxrpsDYROK5iT1qj,价格,0,
b9qcJOVRfPEzUuM2,价格,0,
QtszkWi1bKVx9yG2,价格,0,
YbZsXMk3PvaVQnLK,价格,0,
Ijf1P4FEWUprbgZl,价格,0,
FR7zjZJHgqWs3oPc,价格,0,
MR3lsLjIOEXeU2AD,价格,0,
NGRFH02YfvIpnDZO,价格,0,
0jTdQIPg6ZaLp57O,价格,0,
4thTeMKoNiIgx65W,价格,0,
OQVWijN4lSh0FTey,价格,0,
sMi23mko0HIQtY8g,价格,0,
nVm3CoQ5pU6yP8uY,价格,0,
eE7PXURqbvwxh9GO,价格,0,
95yan1o6CpQ2A0Ew,价格,0,
9gO4pMXdBi6xD0lW,价格,0,
dHaJFoVOD7NmYjTq,价格,0,
vu6eVD7EHGRQJULC,价格,0,
q9uHxmI2frz8sX1C,价格,0,
ZwYtW93KxgOFi8D2,价格,0,
Em540HwFUypB8SbK,价格,0,
n7YxMp8c9Va2Nfse,价格,0,
2BWMN0iP6mO7QhuI,价格,0,
3AsFYcJ4OrW8wT7l,价格,0,
f9T17GDdFzhbSKk6,价格,0,
U3NevhxIRQaXnyLq,价格,0,
oepEUuObd6f4v3iR,价格,0,
jMB2W7Pdm1epbYNl,价格,0,
5DzJlZEOe2VLKpSX,价格,0,
af8n9cRIS4Vq0jmH,价格,0,
JRAFg3bDo1C67q9h,价格,0,
x9GXPl40AZ5TNiBh,价格,0,
zs3gC6PE4kfNb9Wt,价格,0,
5lgjSRwKCb3D4WTF,价格,0,
3qravlupfdIAMznx,价格,0,
3Cs9orcTeFh1dN87,价格,0,
SOpkMZLy40r1mYCq,价格,0,
DYrSPJLoywAdingm,价格,0,
WyUb7eGAJuz9Ftpc,价格,0,
UAaZtl1ST5kuzoem,价格,0,
Q89PBCgxDdeJ5Vfn,价格,0,
3m7VUknLa6Ff5rPc,价格,0,
LaPs4F8Q9q0Wewp5,价格,0,
aB6ythMmUQL4TneC,价格,0,
KgoZUjNaQvt6MfTA,价格,0,
U58QDMeHWXkfGESg,价格,0,
xapJi6lVUC0oH9Py,价格,0,
jmBWZfLGlaz2nJUu,价格,0,
yfpeWc2ljCkTvN4L,价格,0,
clht2VSkB3fFrHze,价格,0,
uTmyopKDFQVvC9jt,价格,0,
6uYPQjAedRH1wWCy,价格,0,
8tU9biECpJdRGhaL,价格,0,
lsHg09cr1NChwKp8,价格,0,
h7Fx4nQTyPR2z9M6,价格,0,
ldRbIBz5vAqsJ4WP,价格,0,
4cNTIxAwjOkSB8Vv,价格,0,
TiGkVHdRmPgMpb6s,价格,0,
8fJTX3LZMqErjg2Y,价格,0,
tEQLJfKlMnzOs0mw,价格,0,
n8EbUTyJVxpGtWzP,价格,0,
yvEOU7I2Z9pbMtNz,价格,0,
3GaSHdJUs4wDYfkR,价格,0,
WAFiDKqCfuP9xG7a,价格,0,
szVrI4Xjv7ibBOPy,价格,0,
9vBKy7aEfcG4SJPO,价格,0,
HiouAKZ24t58WqFV,价格,0,
K8TLE9Fcay03s7xr,价格,0,
t8i0ujgRV1ON3Qec,价格,0,
KNjsGxYQdD903Rbr,价格,0,
iFGrPAzYJoRdkOS8,价格,0,
8qg3OP1AtB5Evz9a,价格,0,
x2rYTQCbOd0JKA5y,价格,0,
8CAMHLk6DfzaGZJ1,价格,0,
4vedD3ThESw9KJxN,价格,0,
5GPVFrmzW2pqw6xf,价格,0,
ZhC07bX9fLwAEerz,价格,0,
cIn9fLxBgXV3451Y,价格,0,
qTf2jyoJYALC5DZ9,价格,0,
jDBJL5h3N6UK0YXV,价格,0,
i7AtFZHh60kaGp3T,价格,0,
CADf8GVlMn9r6me1,价格,0,
7mGsIBJAHFZ0tCz4,价格,0,
Fie0kyu1854nQpzA,价格,0,
mpAEy9iwRn631sKS,价格,0,
1782QoS3I4XrgZba,价格,0,
ODEdFk6L4psH9l28,价格,0,
5kyiUJ0LTNMVFZfq,价格,0,
3sHOQd5VmCz6npUY,价格,0,
SVIfiYWeB2yaGCQv,价格,0,
pCy0wamSeUnDP9Fr,价格,0,
6ru4D9eIzQ1iPkxv,价格,0,
4Ist9FJBkGATqYjO,价格,0,
A4vmUYQOlCB5p0Mf,价格,0,
LT14xdFN5vOce0wI,价格,0,
cADZp9bExndsOuWC,价格,0,
QjFJXPzDYsV1IRWO,价格,0,
Ni0TWvFVRU8XdmtO,价格,0,
63RsQ9a0JqXobE4m,价格,0,
L5xfDMnaIlWO6Vky,价格,0,
J9L6sZFX2fcUBzOS,价格,0,
LM7f4OynlJb8HqvY,价格,0,
i8mxAKoNVhD7CIg6,价格,0,
Unr7RcXmCght2ifD,价格,0,
8CZDFqhGmY3HwVz0,价格,0,
41nm2EQI9BXljaDk,价格,0,
6DWMVcopvEKwU4PJ,价格,0,
0gKMWbXrF2qyRTEk,价格,0,
ZfLWb4GQDRhgyvow,价格,0,
4TErfMzgFCnDRPqe,价格,0,
5UPW7gfxl9jTcMuN,价格,0,
RWc4PB7gMpnsmUHl,价格,0,
7FzGhLUQufMglaAn,价格,0,
4tlfWveDHL9wcZ7m,价格,0,
HCkprjv6uWRh47sL,价格,0,
QYLVlAzboyFTHWuw,价格,0,
9hv6gmwl0XbRKArI,价格,0,
WYa8Arw7bGLuKnqi,价格,0,
RrgVEIYCuW1iNqL4,价格,0,
fHSqoTiP2bIrEG8U,价格,0,
De6AFcbTKIl4R3Qg,价格,0,
nI0YSRiZdC2MEmag,价格,0,
dkBrQ8FaUsD50qJ7,价格,0,
2YvN9c8p3yrlhIQt,价格,0,
9hBGibuUNvjL1Qng,价格,0,
8jgDfxBpO45FWl1m,价格,0,
BMifCDqjK6JwGTnL,价格,0,
SyZ6BOmLAeYc09pf,价格,0,
0aUzxbsfLNnljZMS,价格,0,
PgCAcDLuVZ41xzod,价格,0,
vDUH86p9mfyQP5cA,价格,0,
0m3DxdfAIcgnE4kM,价格,0,
InuPQK6wX9UtzgCl,价格,0,
0euRkBO8AwisjYTJ,价格,0,
SRNvlyPi7OM81VQC,价格,0,
htC6x7q2Yv14uUFX,价格,0,
R3ANbXlwH8z6vWPj,价格,0,
RKZmPl1Ny5dDC42o,价格,0,
athS4JK0ClzGrYb8,价格,0,
6sCNZQ0854b9k2ep,价格,0,
nkNvR74fauUP9oSg,价格,0,
7HjuWDZzSykeEOIQ,价格,0,
6nulXChYs8biaKg7,价格,0,
z1Vy3OLYhdZjrW9m,价格,0,
FVOZ4U9adMc6gnRb,价格,0,
y7ziHVFaYs3vAS5C,价格,0,
dWjXp309QZK6sOBt,价格,0,
UMeVQhHNRcoYJ8GT,价格,0,
qCrxFMylGAKYfR8T,价格,0,
NMzl5tR6JQwCb0e1,价格,0,
CqSyRtsONd1iG5BJ,价格,0,
BGE1XAJ6iCZ9uclf,价格,0,
Ce7V3lxzB2mrpL5w,价格,0,
o9mCw65vOBq0fYUF,价格,0,
iAktfmCUh4aeMrZS,价格,0,
oKTmraqO2ltuZ6N0,价格,0,
pcK875yafZ0DvE9S,价格,0,
6nb4X8DrhGIysL9R,价格,0,
nYqDJsS4CEVwAu8x,价格,0,
itm5q6I1z8vf7ZMD,价格,0,
rEG7UsMicjYIuO0H,价格,0,
swWXCztEAlxLfkOI,价格,0,
8lrYXUQIg1cFxjd7,价格,0,
G5WVJdhNEr71HyBI,价格,0,
ytm3xPrzZ4OuXIH1,价格,0,
uokFtR1jyIimG9UT,价格,0,
hY9A7rn2wlmEF0uo,价格,0,
wTJY4NqXUaPSgpWt,价格,0,
gDtCHTmXVEUsqiyW,价格,0,
0aUM14td75FBNEfl,价格,0,
YT5pdexbmOQwG7hR,价格,0,
Ct5pUOgmiTQ7o3fL,价格,0,
0EkBRAYPsfOTt4z3,价格,0,
m1d2uePf9JFGbg8a,价格,0,
1qT9KYyC8el7Om4M,价格,0,
XbUZeDAdEpMwg7kt,价格,0,
Qt0XJqvUN6gOhePZ,价格,0,
sNc3FPI4ZnrUgS8G,价格,0,
OxkuXFay5GLP1eIh,价格,0,
3Zl8sQoSMrOUCyhg,价格,0,
EFVfO2leBpH0uzrw,价格,0,
DIjbzLMF2vgEsxti,价格,0,
j2bY7lqSH3PawNn5,价格,0,
4N70AwcexTqDCoJr,价格,0,
yGsQJVCBYmMglaUp,价格,0,
mouaUxBnX2vHPYsR,价格,0,
Zl8IfcmpNrLVAPS4,价格,0,
fIHPrW8MzVdC4kwF,价格,0,
E5390SuTF2RoQyzt,价格,0,
5XznxhYNAGF7WKJD,价格,0,
S3Aq4NOhFDspEgZm,价格,0,
3qVmrKu1wxJb0X6I,价格,0,
vPCDf2OemEGh4jzl,价格,0,
trsL1COIpBSWXMex,价格,0,
PE5gLlduiYGTzqsn,价格,0,
WgtvsofC74wOIYVb,价格,0,
H8jYWQ5gMADxtmuh,价格,0,
ouMTnWL81gZemPi9,价格,0,
7pDJV8ab4NjH3r5e,价格,0,
hGPD9vBZgR6zNV4S,价格,0,
2jJXvw58LHgT3RBD,价格,0,
OCkifpF73WQYjoNI,价格,0,
XrQJUSeIVhBib86Z,价格,0,
MF2yRZwkDtmozdPS,价格,0,
Yu0EUZt54G8fiHOW,价格,0,
yLhg5NmjCWat4YFV,价格,0,
0GtHsUD3ikzZoX5q,价格,0,
S3dNtUixLg2uVkWD,价格,0,
xJ1wWtb9TsYkKO5X,价格,0,
lr0sCcFamRVfPHn5,价格,0,
H6y17JaXzxADtqer,价格,0,
DJES3mRatNG7AMwz,价格,0,
GdPUZvlCm438WtS5,价格,0,
m1rOC6jMweNH2Q9J,价格,0,
vP56NeZdJA8jtXmF,价格,0,
fQnMrWegYBvTh2Ic,价格,0,
xSTt0OV9nYkb6NEa,价格,0,
BfWd1cJDFQLNn3gG,价格,0,
IoKEnR3JdXu0gG4h,价格,0,
4p5xbNDUMLAwvzrY,价格,0,
VYJEH3N0ZkGt5Xvy,价格,0,
iSp7q8d4eW9honmI,价格,0,
WLHp3PYJ9FvOGXE2,价格,0,
